Collection ID;Collection Name;Collection Description;Style Name;Gender;Style Key;Style Description;Prompt;Preview Image;Variations
paint-magic;Collection Paint Magic;Tous les styles de peinture ,des couleurs éclatantes et des motifs uniques;Peinture à l'huile;g;oil_painting;Style peinture à l'huile impressionniste;Transform this portrait into an impressionist oil painting with vibrant colors and visible brushstrokes;https://leeveostockage.s3.eu-west-3.amazonaws.com/style/oil-painting.jpg;1
paint-magic;Collection Paint Magic;Tous les styles de peinture ,des couleurs éclatantes et des motifs uniques;Aquarelle;g;watercolor;Style aquarelle doux et fluide;Transform this portrait into a delicate watercolor painting with soft edges and flowing colors;https://leeveostockage.s3.eu-west-3.amazonaws.com/style/watercolor.jpg;1
paint-magic;Collection Paint Magic;Tous les styles de peinture ,des couleurs éclatantes et des motifs uniques;Pop Art;g;pop_art;Style pop art à la Andy Warhol;Transform this portrait into a vibrant pop art style like Andy Warhol, with bold colors and strong contrasts;https://leeveostockage.s3.eu-west-3.amazonaws.com/style/pop-art.jpg;1
paint-magic;Collection Paint Magic;Tous les styles de peinture ,des couleurs éclatantes et des motifs uniques;Cubisme;g;cubism;Style cubiste à la Picasso;Transform this portrait into a cubist painting in the style of Picasso, with geometric shapes and multiple perspectives.;https://leeveostockage.s3.eu-west-3.amazonaws.com/style/cubism.jpg;1
paint-magic;Collection Paint Magic;Tous les styles de peinture ,des couleurs éclatantes et des motifs uniques;Surréalisme;g;surrealism;Style surréaliste inspiré par Salvador Dalí;Transform this portrait into a surrealist painting inspired by Salvador Dalí, with dreamlike distortions and symbolic imagery.;https://leeveostockage.s3.eu-west-3.amazonaws.com/style/surrealism.jpg;1
paint-magic;Collection Paint Magic;Tous les styles de peinture ,des couleurs éclatantes et des motifs uniques;Baroque;g;baroque;Style baroque avec éclairage dramatique;Transform this portrait into a baroque painting, with dramatic lighting, rich textures, and emotional intensity.;https://leeveostockage.s3.eu-west-3.amazonaws.com/style/baroque.jpg;1
paint-magic;Collection Paint Magic;Tous les styles de peinture ,des couleurs éclatantes et des motifs uniques;Renaissance;g;renaissance;Style renaissance avec proportions réalistes;Transform this portrait into a renaissance-style painting with realistic proportions, fine details, and a classical atmosphere.;https://leeveostockage.s3.eu-west-3.amazonaws.com/style/renaissance.jpg;1
paint-magic;Collection Paint Magic;Tous les styles de peinture ,des couleurs éclatantes et des motifs uniques;Pointillisme;g;pointillism;Style pointilliste à la Seurat;Transform this portrait into a pointillist painting using tiny colored dots to create form and light, like Georges Seurat.;https://leeveostockage.s3.eu-west-3.amazonaws.com/style/pointillism.jpg;1
paint-magic;Collection Paint Magic;Tous les styles de peinture ,des couleurs éclatantes et des motifs uniques;Fauvisme;g;fauvism;Style fauviste avec couleurs expressives;Transform this portrait into a fauvist painting with wild brushstrokes and unnatural, expressive colors.;https://leeveostockage.s3.eu-west-3.amazonaws.com/style/fauvism.jpg;1
paint-magic;Collection Paint Magic;Tous les styles de peinture ,des couleurs éclatantes et des motifs uniques;Expressionnisme Abstrait;g;abstract_expressionism;Style expressionniste avec texture audacieuse;Transform this portrait into an abstract expressionist painting with chaotic motion, heavy texture, and bold emotion.;https://leeveostockage.s3.eu-west-3.amazonaws.com/style/abstract_expressionism.jpg;1
paint-magic;Collection Paint Magic;Tous les styles de peinture ,des couleurs éclatantes et des motifs uniques;Clair-obscur;g;chiaroscuro;Style clair-obscur avec forts contrastes;Transform this portrait into a chiaroscuro-style painting with strong contrasts between light and dark.;https://leeveostockage.s3.eu-west-3.amazonaws.com/style/chiaroscuro.jpg;1
paint-magic;Collection Paint Magic;Tous les styles de peinture ,des couleurs éclatantes et des motifs uniques;Lavis d'Encre;g;ink_wash;Style minimaliste à l'encre asiatique;Transform this portrait into a minimalistic ink wash painting in the style of East Asian brush art.;https://leeveostockage.s3.eu-west-3.amazonaws.com/style/ink_wash.jpg;1
paint-magic;Collection Paint Magic;Tous les styles de peinture ,des couleurs éclatantes et des motifs uniques;Romantisme;g;romanticism;Style romantique avec lumière douce;Transform this portrait into a romanticism-inspired painting with soft light, rich emotion, and dramatic scenery.;https://leeveostockage.s3.eu-west-3.amazonaws.com/style/romanticism.jpg;1
paint-magic;Collection Paint Magic;Tous les styles de peinture ,des couleurs éclatantes et des motifs uniques;Symbolisme;g;symbolism;Style symboliste avec formes mystérieuses;Transform this portrait into a symbolist painting filled with mysterious forms and mythological references.;https://leeveostockage.s3.eu-west-3.amazonaws.com/style/symbolism.jpg;1
paint-magic;Collection Paint Magic;Tous les styles de peinture ,des couleurs éclatantes et des motifs uniques;Gothique;g;gothic;Style gothique avec tons sombres;Transform this portrait into a gothic-style painting with dark tones, rich ornamentation, and medieval elements.;https://leeveostockage.s3.eu-west-3.amazonaws.com/style/gothic.jpg;1
paint-magic;Collection Paint Magic;Tous les styles de peinture ,des couleurs éclatantes et des motifs uniques;Art Naïf;g;naive_art;Style naïf avec perspective plate;Transform this portrait into a naive art painting with flat perspective, vivid colors, and childlike charm.;https://leeveostockage.s3.eu-west-3.amazonaws.com/style/naive_art.jpg;1
paint-magic;Collection Paint Magic;Tous les styles de peinture ,des couleurs éclatantes et des motifs uniques;Art Nouveau;g;art_nouveau;Style Art Nouveau avec lignes élégantes;Transform this portrait into an art nouveau painting with elegant lines, floral patterns, and graceful curves.;https://leeveostockage.s3.eu-west-3.amazonaws.com/style/art_nouveau.jpg;1
paint-magic;Collection Paint Magic;Tous les styles de peinture ,des couleurs éclatantes et des motifs uniques;Réalisme;g;realism;Style réaliste avec détails minutieux;Transform this portrait into a realist painting with meticulous attention to detail and natural lighting.;https://leeveostockage.s3.eu-west-3.amazonaws.com/style/realism.jpg;1
paint-magic;Collection Paint Magic;Tous les styles de peinture ,des couleurs éclatantes et des motifs uniques;Art Glitch;g;glitch_art;Style glitch art numérique;Transform this portrait into a digital glitch art style painting, blending classical form with pixelated distortion.;https://leeveostockage.s3.eu-west-3.amazonaws.com/style/glitch_art.jpg;1
paint-magic;Collection Paint Magic;Tous les styles de peinture ,des couleurs éclatantes et des motifs uniques;Fresque;g;fresco;Style fresque avec tons terreux;Transform this portrait into a fresco-style painting with muted earth tones and a weathered texture like old murals.;https://leeveostockage.s3.eu-west-3.amazonaws.com/style/fresco.jpg;1
paint-magic;Collection Paint Magic;Tous les styles de peinture ,des couleurs éclatantes et des motifs uniques;Art Déco;g;art_deco;Style Art Déco avec symétrie géométrique;Transform this portrait into a deco-style painting with geometric symmetry, clean lines, and metallic accents.;https://leeveostockage.s3.eu-west-3.amazonaws.com/style/art_deco.jpg;1
paint-magic;Collection Paint Magic;Tous les styles de peinture ,des couleurs éclatantes et des motifs uniques;Tachisme;g;tachisme;Style tachisme avec coups de pinceau spontanés;Transform this portrait into a tachisme (European abstract) painting with spontaneous brushwork and color stains.;https://leeveostockage.s3.eu-west-3.amazonaws.com/style/tachisme.jpg;1
paint-magic;Collection Paint Magic;Tous les styles de peinture ,des couleurs éclatantes et des motifs uniques;Street Art;g;street_art;Style Street Art contemporain;Transform this portrait into a contemporary street art painting, combining graffiti textures with vibrant spray-paint effects.;https://leeveostockage.s3.eu-west-3.amazonaws.com/style/street_art.jpg;1
photo_lut_filters;Filtres LUT et effets photo;Collection de filtres photographiques et LUT pour embellir les images;LUT Lumière Naturelle;;lut_natural_light;Rehausse la luminosité et le contraste avec des tons naturels et équilibrés;Enhance the image with a natural light LUT. Boost midtones, balance highlights and shadows, and apply soft contrast with realistic warmth. Preserve true-to-life skin tones and ambient softness.;https://leeveostockage.s3.eu-west-3.amazonaws.com/style/lut_natural_light.jpg;
photo_lut_filters;Filtres LUT et effets photo;Collection de filtres photographiques et LUT pour embellir les images;LUT Teal & Orange;;lut_teal_orange;Ajoute un contraste cinématique entre les ombres bleu-vert et les tons chauds de la peau;Apply a cinematic teal and orange LUT. Cool down shadows with teal tones, enhance skin tones with warm orange highlights, and add punchy contrast. Ideal for dramatic and polished visuals.;https://leeveostockage.s3.eu-west-3.amazonaws.com/style/lut_teal_orange.jpg;
photo_lut_filters;Filtres LUT et effets photo;Collection de filtres photographiques et LUT pour embellir les images;LUT Douceur Pastel;;lut_pastel_soft;Adoucit l'image avec des tons pastels et un contraste réduit pour un rendu poétique;Use a pastel soft LUT to reduce harsh contrast and infuse the image with light, airy colors. Apply low saturation and soft highlights for a gentle, dreamy mood.;https://leeveostockage.s3.eu-west-3.amazonaws.com/style/lut_pastel_soft.jpg;
photo_lut_filters;Filtres LUT et effets photo;Collection de filtres photographiques et LUT pour embellir les images;LUT Contraste Profond;;lut_deep_contrast;Renforce les ombres et la profondeur des couleurs pour un rendu intense;Enhance the image with a deep contrast LUT. Darken shadows, boost color saturation, and add richness to tones. Preserve details in highlights and midtones for a dramatic effect.;https://leeveostockage.s3.eu-west-3.amazonaws.com/style/lut_deep_contrast.jpg;
photo_lut_filters;Filtres LUT et effets photo;Collection de filtres photographiques et LUT pour embellir les images;LUT Golden Glow;;lut_golden_glow;Simule une lumière dorée du soir avec un éclat chaleureux;Apply a golden hour LUT to create a soft warm glow. Enhance highlights with golden tones, soften edges with light haze, and evoke the warm ambiance of sunset lighting.;https://leeveostockage.s3.eu-west-3.amazonaws.com/style/lut_golden_glow.jpg;
photo_lut_filters;Filtres LUT et effets photo;Collection de filtres photographiques et LUT pour embellir les images;LUT Cinéma Mat;;lut_cinema_matte;Donne un look cinéma avec tons mats et profondeur des couleurs;Use a cinematic matte LUT. Flatten highlights slightly, deepen blacks, and apply desaturated color tones for a moody, filmic style. Ideal for cinematic storytelling.;https://leeveostockage.s3.eu-west-3.amazonaws.com/style/lut_cinema_matte.jpg;
photo_lut_filters;Filtres LUT et effets photo;Collection de filtres photographiques et LUT pour embellir les images;LUT Haute Définition;;lut_high_def;Améliore la netteté, la texture et les micro-détails;Apply a high-definition LUT that enhances clarity and detail. Accentuate micro-textures in skin and fabric, add controlled sharpening and subtle contrast to bring out structure.;https://leeveostockage.s3.eu-west-3.amazonaws.com/style/lut_high_def.jpg;
photo_lut_filters;Filtres LUT et effets photo;Collection de filtres photographiques et LUT pour embellir les images;LUT Contraste Doux;;lut_soft_contrast;Réduit le contraste pour un rendu plus doux et naturel;Apply a soft contrast LUT. Lighten shadows slightly and reduce highlight intensity. Maintain natural skin tones and a balanced, gentle visual flow throughout the image.;https://leeveostockage.s3.eu-west-3.amazonaws.com/style/lut_soft_contrast.jpg;
photo_lut_filters;Filtres LUT et effets photo;Collection de filtres photographiques et LUT pour embellir les images;LUT Mode Editorial;;lut_editorial;Apporte une finition haut de gamme type magazine;Use an editorial-style LUT to simulate fashion photography lighting. Emphasize facial contours, boost cool highlights, and subtly desaturate background tones for a premium look.;https://leeveostockage.s3.eu-west-3.amazonaws.com/style/lut_editorial.jpg;
photo_lut_filters;Filtres LUT et effets photo;Collection de filtres photographiques et LUT pour embellir les images;LUT Film Retro;;lut_film_retro;Ajoute une ambiance rétro façon film des années 70;Apply a retro film LUT inspired by 1970s cinema. Use faded highlights, warm yellow-green tones, and mild grain for a nostalgic, vintage movie aesthetic.;https://leeveostockage.s3.eu-west-3.amazonaws.com/style/lut_film_retro.jpg;
photo_lut_filters;Filtres LUT et effets photo;Collection de filtres photographiques et LUT pour embellir les images;LUT Ambiance Nocturne;;lut_night_ambience;Renforce les bleus et violets pour un rendu nocturne cinématographique;Apply a cinematic midnight ambience LUT with clear blues and purples. Enhance middle-light mood, reduce saturation slightly, and create a cool mysterious tone throughout the image.;https://leeveostockage.s3.eu-west-3.amazonaws.com/style/lut_night_ambience.jpg;
photo_lut_filters;Filtres LUT et effets photo;Collection de filtres photographiques et LUT pour embellir les images;LUT Portrait Satiné;;lut_portrait_satin;Adoucit la peau et ajoute une finition satinée haut de gamme;Apply a satin portrait LUT that smooths skin tones, reduces red hues, and adds subtle shine. Emphasize facial symmetry and soften highlights for a glossy magazine look.;https://leeveostockage.s3.eu-west-3.amazonaws.com/style/lut_portrait_satin.jpg;
photo_lut_filters;Filtres LUT et effets photo;Collection de filtres photographiques et LUT pour embellir les images;LUT Urbain Contrasté;;lut_urban_contrast;Contraste élevé pour un look urbain dynamique;Use an urban contrast LUT to intensify city tones. Boost blacks, sharpen details, and add slight cyan-magenta tint to bring an energetic modern edge to architecture and street portraits.;https://leeveostockage.s3.eu-west-3.amazonaws.com/style/lut_urban_contrast.jpg;
photo_lut_filters;Filtres LUT et effets photo;Collection de filtres photographiques et LUT pour embellir les images;LUT Cinéma Froid;;lut_cinema_cool;Tons froids désaturés pour une ambiance dramatique;Apply a cool cinematic LUT with desaturated blue-grey tones. Create a serious, moody effect with softened contrast and subdued highlights, ideal for dramatic visual storytelling.;https://leeveostockage.s3.eu-west-3.amazonaws.com/style/lut_cinema_cool.jpg;
photo_lut_filters;Filtres LUT et effets photo;Collection de filtres photographiques et LUT pour embellir les images;LUT Soleil Voilé;;lut_cloudy_warm;Effet de lumière douce par temps couvert avec chaleur diffuse;Use a cloudy sunlight LUT that adds a soft warm glow with gentle haze. Midtones are slightly lifted, and the color palette shifts toward beige and pale amber for an overcast but cozy atmosphere.;https://leeveostockage.s3.eu-west-3.amazonaws.com/style/lut_cloudy_warm.jpg;
photo_lut_filters;Filtres LUT et effets photo;Collection de filtres photographiques et LUT pour embellir les images;LUT Détail HDR Léger;;lut_light_hdr;Amélioration subtile du HDR avec conservation du naturel;Apply a soft HDR LUT to increase dynamic range without overprocessing. Brighten shadows, recover details in highlights, and balance tone curves for crisp yet natural clarity.;https://leeveostockage.s3.eu-west-3.amazonaws.com/style/lut_light_hdr.jpg;
photo_lut_filters;Filtres LUT et effets photo;Collection de filtres photographiques et LUT pour embellir les images;LUT Bronze & Cuivre;;lut_bronze_copper;Ajoute des reflets bronze et cuivrés pour un look luxueux;Use a bronze and copper LUT to give the image a rich metallic tint. Enhance golden undertones and create warm, radiant glow in hair and skin with smooth highlight blending.;https://leeveostockage.s3.eu-west-3.amazonaws.com/style/lut_bronze_copper.jpg;
photo_lut_filters;Filtres LUT et effets photo;Collection de filtres photographiques et LUT pour embellir les images;LUT Épuré & Blanc;;lut_clean_white;Blancs purs, lumières propres pour un look épuré et minimaliste;Apply a clean white LUT that lifts whites, softens shadows, and creates a bright minimalist aesthetic. Perfect for editorial, fashion, or lifestyle visuals with high key lighting.;https://leeveostockage.s3.eu-west-3.amazonaws.com/style/lut_clean_white.jpg;
photo_lut_filters;Filtres LUT et effets photo;Collection de filtres photographiques et LUT pour embellir les images;LUT Automne Chaud;;lut_warm_autumn;Rehausse les tons orangés, bruns et rouges pour un style automnal chaleureux;Use a warm autumn LUT that enhances orange, brown, and deep red tones. Slightly matted highlights and gentle shadow roll-off create a cozy seasonal feeling with a cinematic twist.;https://leeveostockage.s3.eu-west-3.amazonaws.com/style/lut_warm_autumn.jpg;
photo_lut_filters;Filtres LUT et effets photo;Collection de filtres photographiques et LUT pour embellir les images;LUT Froid Urbain;;lut_cool_urban;Ajoute une teinte bleutée urbaine avec contraste subtil;Apply a cool urban LUT with slight blue tints and reduced saturation. Emphasize steel, asphalt, and glass textures for a modern city vibe.;https://leeveostockage.s3.eu-west-3.amazonaws.com/style/lut_cool_urban.jpg;
photo_lut_filters;Filtres LUT et effets photo;Collection de filtres photographiques et LUT pour embellir les images;LUT Mat Poussiéreux;;lut_dusty_matte;Look délavé avec tons terreux et texture douce;Use a dusty matte LUT with beige, brown, and olive tones. Lower contrast and soften shadows for a worn, cinematic look.;https://leeveostockage.s3.eu-west-3.amazonaws.com/style/lut_dusty_matte.jpg;
photo_lut_filters;Filtres LUT et effets photo;Collection de filtres photographiques et LUT pour embellir les images;LUT Contrast Clair-Obscur;;lut_chiaroscuro;Inspiré du clair-obscur avec contrastes puissants et lumière directionnelle;Simulate chiaroscuro lighting with a LUT that enhances directional shadows and dramatic light. Deep blacks and high contrast evoke classical portraiture.;https://leeveostockage.s3.eu-west-3.amazonaws.com/style/lut_chiaroscuro.jpg;
photo_lut_filters;Filtres LUT et effets photo;Collection de filtres photographiques et LUT pour embellir les images;LUT Jaune Poussière;;lut_dusty_yellow;Filtre vintage avec dominante jaune et tons ocres;Apply a dusty yellow LUT for a retro vibe. Warm up highlights with ochre tones and give the image a soft antique glow.;https://leeveostockage.s3.eu-west-3.amazonaws.com/style/lut_dusty_yellow.jpg;
photo_lut_filters;Filtres LUT et effets photo;Collection de filtres photographiques et LUT pour embellir les images;LUT Bleu Givré;;lut_frosted_blue;Look froid et givré avec bleus désaturés et ambiance polaire;Use a frosted blue LUT that desaturates warm tones and amplifies cold hues. Ideal for wintry scenes and clinical, moody portraits.;https://leeveostockage.s3.eu-west-3.amazonaws.com/style/lut_frosted_blue.jpg;
photo_lut_filters;Filtres LUT et effets photo;Collection de filtres photographiques et LUT pour embellir les images;LUT Jaune Cinématographique;;lut_cinema_yellow;Lumière dorée intense et profondeur visuelle;Apply a cinematic yellow LUT that floods the scene with golden warmth and subtle haze. Ideal for nostalgic or summery cinematic shots.;https://leeveostockage.s3.eu-west-3.amazonaws.com/style/lut_cinema_yellow.jpg;
photo_lut_filters;Filtres LUT et effets photo;Collection de filtres photographiques et LUT pour embellir les images;LUT Couleur Laiton;;lut_brass_tone;Tons métalliques chauds pour un effet brumeux et vintage;Use a brass tone LUT that mixes bronze, gold, and sepia hues. Add mild blur and haze to evoke a luxurious antique photo aesthetic.;https://leeveostockage.s3.eu-west-3.amazonaws.com/style/lut_brass_tone.jpg;
photo_lut_filters;Filtres LUT et effets photo;Collection de filtres photographiques et LUT pour embellir les images;LUT Jungle Émeraude;;lut_emerald_jungle;Accentue les verts profonds et les contrastes tropicaux;Apply an emerald jungle LUT with rich green tones and shadow depth. Perfect for foliage, forests, or nature shots.;https://leeveostockage.s3.eu-west-3.amazonaws.com/style/lut_emerald_jungle.jpg;
photo_lut_filters;Filtres LUT et effets photo;Collection de filtres photographiques et LUT pour embellir les images;LUT Soleil Californien;;lut_california_sun;Effet lumineux et ensoleillé avec tons orange doux;Use a California sun LUT with soft warm saturation and beach-toned highlights. Creates a relaxed, luminous summer atmosphere.;https://leeveostockage.s3.eu-west-3.amazonaws.com/style/lut_california_sun.jpg;
photo_lut_filters;Filtres LUT et effets photo;Collection de filtres photographiques et LUT pour embellir les images;LUT Douceur Laitonnée;;lut_milky_soft;Blancs crémeux et ambiance feutrée pastel;Apply a milky soft LUT with creamy whites and pastel color fade. Low contrast and gentle color transitions ideal for delicate portraiture.;https://leeveostockage.s3.eu-west-3.amazonaws.com/style/lut_milky_soft.jpg;
photo_lut_filters;Filtres LUT et effets photo;Collection de filtres photographiques et LUT pour embellir les images;LUT Rose Chaud Editorial;;lut_warm_rose;Contraste rosé avec chaleur et rendu de mode;Use a warm rose LUT to enhance skin tones and blush-like warmth. Ideal for beauty shots, with soft focus and a romantic feel.;https://leeveostockage.s3.eu-west-3.amazonaws.com/style/lut_warm_rose.jpg;
photo_lut_filters;Filtres LUT et effets photo;Collection de filtres photographiques et LUT pour embellir les images;LUT Clair Coton;;lut_cotton_clear;Couleurs douces et propre clarté visuelle;Apply a cotton-clear LUT that lifts whites, adds gentle blue tints, and simplifies tones for a clean, modern visual finish.;https://leeveostockage.s3.eu-west-3.amazonaws.com/style/lut_cotton_clear.jpg;
photo_lut_filters;Filtres LUT et effets photo;Collection de filtres photographiques et LUT pour embellir les images;LUT Contour Mode;;lut_fashion_contour;Accentue les contours et volumes pour effet éditorial;Use a fashion contour LUT to define face and body edges. Boost micro-contrast and add cool color shifts for a high-end editorial finish.;https://leeveostockage.s3.eu-west-3.amazonaws.com/style/lut_fashion_contour.jpg;
photo_lut_filters;Filtres LUT et effets photo;Collection de filtres photographiques et LUT pour embellir les images;LUT Désert Chaud;;lut_hot_desert;Rendu aride et lumineux avec saturation chaude;Apply a hot desert LUT with bright oranges, warm sands, and strong light flares. Ideal for outdoor shots in sunny dry environments.;https://leeveostockage.s3.eu-west-3.amazonaws.com/style/lut_hot_desert.jpg;
photo_lut_filters;Filtres LUT et effets photo;Collection de filtres photographiques et LUT pour embellir les images;LUT Métal Froid;;lut_cold_metal;Finition métallique bleutée pour un style high-tech;Use a cold metal LUT with blue-steel highlights and reflective tonal balance. Great for tech or fashion with a futuristic look.;https://leeveostockage.s3.eu-west-3.amazonaws.com/style/lut_cold_metal.jpg;
photo_lut_filters;Filtres LUT et effets photo;Collection de filtres photographiques et LUT pour embellir les images;LUT Perle Rosée;;lut_rose_pearl;Reflets nacrés et tons rosés doux;Use a rose pearl LUT that creates subtle opalescent highlights with soft pink reflection. Great for dreamy editorial beauty shots.;https://leeveostockage.s3.eu-west-3.amazonaws.com/style/lut_rose_pearl.jpg;
photo_lut_filters;Filtres LUT et effets photo;Collection de filtres photographiques et LUT pour embellir les images;LUT Aubergine Crépusculaire;;lut_twilight_eggplant;Tons sombres violets et ambiance crépusculaire;Apply a twilight eggplant LUT with moody purples and cool dusk shadows. Excellent for emotive, artistic portraits during low light.;https://leeveostockage.s3.eu-west-3.amazonaws.com/style/lut_twilight_eggplant.jpg;
photo_lut_filters;Filtres LUT et effets photo;Collection de filtres photographiques et LUT pour embellir les images;LUT Lumière Blanche Propre;;lut_clean_light;Lumière blanche pure et contours nets;Use a clean light LUT with white-balanced lighting and crisp edge enhancement. Maintain clarity and luminosity with minimal color distortion.;https://leeveostockage.s3.eu-west-3.amazonaws.com/style/lut_clean_light.jpg;
sciencefiction;Collection Science Fiction;Styles futuristes et de science-fiction;Capitaine de Vaisseau;g;starship_captain;Style capitaine avec uniforme futuriste;Transform this portrait into a starship captain with a sleek uniform, a glowing HUD interface, and a galaxy behind them.;https://leeveostockage.s3.eu-west-3.amazonaws.com/style/starship_captain.jpg;1
sciencefiction;Collection Science Fiction;Styles futuristes et de science-fiction;Chasseur de Primes Spatial;g;space_bounty_hunter;Style chasseur de primes avec casque et arme;Transform this portrait into a space bounty hunter with a helmet, energy rifle, and a neon-lit spaceport.;https://leeveostockage.s3.eu-west-3.amazonaws.com/style/space_bounty_hunter.jpg;1
sciencefiction;Collection Science Fiction;Styles futuristes et de science-fiction;Diplomate Alien;g;alien_diplomat;Style diplomate alien avec peau bioluminescente;Transform this portrait into an alien diplomat with bioluminescent skin, elegant attire, and a star council setting.;https://leeveostockage.s3.eu-west-3.amazonaws.com/style/alien_diplomat.jpg;1
sciencefiction;Collection Science Fiction;Styles futuristes et de science-fiction;Soldat Cybernétique;g;cybernetic_soldier;Style soldat avec améliorations cybernétiques;Transform this portrait into a cybernetically enhanced soldier with robotic limbs and a gritty war-torn background.;https://leeveostockage.s3.eu-west-3.amazonaws.com/style/cybernetic_soldier.jpg;1
sciencefiction;Collection Science Fiction;Styles futuristes et de science-fiction;Contrebandier Spatial;g;sci_fi_smuggler;Style contrebandier avec veste en cuir;Transform this portrait into a sci-fi smuggler with a leather jacket, goggles, and a junker spaceship docked nearby.;https://leeveostockage.s3.eu-west-3.amazonaws.com/style/sci_fi_smuggler.jpg;1
sciencefiction;Collection Science Fiction;Styles futuristes et de science-fiction;Hacker Rebelle;g;rebel_hacker;Style hacker entouré de code et hologrammes;Transform this portrait into a rebel hacker from a galactic resistance, surrounded by code and holograms.;https://leeveostockage.s3.eu-west-3.amazonaws.com/style/rebel_hacker.jpg;1
sciencefiction;Collection Science Fiction;Styles futuristes et de science-fiction;Humanoïde IA;g;ai_humanoid;Style androïde synthétique avec design chromé;Transform this portrait into a synthetic AI humanoid with a sleek chrome design, glowing eyes, and a sterile lab.;https://leeveostockage.s3.eu-west-3.amazonaws.com/style/ai_humanoid.jpg;1
sciencefiction;Collection Science Fiction;Styles futuristes et de science-fiction;Oracle Stellaire;g;star_oracle;Style oracle avec robes célestes;Transform this portrait into a star priest or oracle with celestial robes and star maps floating in the air.;https://leeveostockage.s3.eu-west-3.amazonaws.com/style/star_oracle.jpg;1
sciencefiction;Collection Science Fiction;Styles futuristes et de science-fiction;Guerrier Clone;g;clone_warrior;Style guerrier clone avec tatouage code-barres;Transform this portrait into a clone warrior with a barcode tattoo, identical armor, and a desaturated war zone.;https://leeveostockage.s3.eu-west-3.amazonaws.com/style/clone_warrior.jpg;1
sciencefiction;Collection Science Fiction;Styles futuristes et de science-fiction;Royauté Galactique;g;galaxy_royalty;Style royauté avec regalia futuriste;Transform this portrait into a galaxy royalty with futuristic regalia, glowing jewels, and a cosmic throne.;https://leeveostockage.s3.eu-west-3.amazonaws.com/style/galaxy_royalty.jpg;1
sciencefiction;Collection Science Fiction;Styles futuristes et de science-fiction;Pilote Spatial;g;space_pilot;Style pilote d'exploration avec interface digitale;Transform this portrait into a pilot from a deep space exploration crew, with a visor and digital interface overlay.;https://leeveostockage.s3.eu-west-3.amazonaws.com/style/space_pilot.jpg;1
sciencefiction;Collection Science Fiction;Styles futuristes et de science-fiction;Mineur Martien;g;martian_miner;Style mineur avec équipement poussiéreux;Transform this portrait into a Martian miner with dusty gear, red-soil stains, and industrial space tools.;https://leeveostockage.s3.eu-west-3.amazonaws.com/style/martian_miner.jpg;1
sciencefiction;Collection Science Fiction;Styles futuristes et de science-fiction;Biotechnologue;g;biotechnologist;Style biotechnologue d'une colonie de terraformation;Transform this portrait into a biotechnologist from a terraforming colony, holding strange alien plant life.;https://leeveostockage.s3.eu-west-3.amazonaws.com/style/biotechnologist.jpg;1
sciencefiction;Collection Science Fiction;Styles futuristes et de science-fiction;Survivant de Stase;g;stasis_survivor;Style survivant avec dommages de gel;Transform this portrait into a stasis survivor from a derelict ship, with frost damage and awakening lights.;https://leeveostockage.s3.eu-west-3.amazonaws.com/style/stasis_survivor.jpg;1
sciencefiction;Collection Science Fiction;Styles futuristes et de science-fiction;Hybride Alien;g;alien_hybrid;Style hybride avec traits non-humains subtils;Transform this portrait into an alien hybrid with subtle non-human features, neon tattoos, and planetary rings behind.;https://leeveostockage.s3.eu-west-3.amazonaws.com/style/alien_hybrid.jpg;1
sciencefiction;Collection Science Fiction;Styles futuristes et de science-fiction;Explorateur de Trou Noir;g;black_hole_explorer;Style explorateur avec combinaison fracturée;Transform this portrait into a black hole explorer with a fractured spacesuit, gravitic distortions, and eerie lighting.;https://leeveostockage.s3.eu-west-3.amazonaws.com/style/black_hole_explorer.jpg;1
sciencefiction;Collection Science Fiction;Styles futuristes et de science-fiction;Amiral de Flotte;g;fleet_admiral;Style amiral avec médailles ornées;Transform this portrait into a fleet admiral with ornate medals, holographic maps, and an interstellar command bridge.;https://leeveostockage.s3.eu-west-3.amazonaws.com/style/fleet_admiral.jpg;1
sciencefiction;Collection Science Fiction;Styles futuristes et de science-fiction;Voyageur Temporel;g;time_traveler;Style voyageur avec vêtements rétro-futuristes;Transform this portrait into a mysterious time-traveler with retro-futuristic clothes and a vortex behind.;https://leeveostockage.s3.eu-west-3.amazonaws.com/style/time_traveler.jpg;1
sciencefiction;Collection Science Fiction;Styles futuristes et de science-fiction;Leader de Rébellion Robot;g;robot_rebellion_leader;Style robot avec plaque métallique rayée;Transform this portrait into a robot rebellion leader with scratched metal plating, glowing red eyes, and smoke-filled background.;https://leeveostockage.s3.eu-west-3.amazonaws.com/style/robot_rebellion_leader.jpg;1
sciencefiction;Collection Science Fiction;Styles futuristes et de science-fiction;Mystique Spatial;g;deep_space_mystic;Style mystique avec peau étoilée;Transform this portrait into a deep space mystic with starry skin, floating relics, and a cosmic temple.;https://leeveostockage.s3.eu-west-3.amazonaws.com/style/deep_space_mystic.jpg;1
womens_hairstyles;Coupes de Cheveux Féminines;20 coupes de cheveux tendance pour femmes;Long straight;g;womens_long_straight;Long and straight hair;Make the hair in a long and straight hair style.;https://leeveostockage.s3.eu-west-3.amazonaws.com/style/womens_long_straight.jpg;1
womens_hairstyles;Coupes de Cheveux Féminines;20 coupes de cheveux tendance pour femmes;Short bob;g;womens_short_bob;Chin-length bob cut;Make the hair in a chin-length bob cut style.;https://leeveostockage.s3.eu-west-3.amazonaws.com/style/womens_short_bob.jpg;1
womens_hairstyles;Coupes de Cheveux Féminines;20 coupes de cheveux tendance pour femmes;test Wavy layers;g;womens_wavy_layers;Layered wavy hair;Make the hair in a layered wavy hair style.;https://leeveostockage.s3.eu-west-3.amazonaws.com/style/womens_wavy_layers.jpg;1
womens_hairstyles;Coupes de Cheveux Féminines;20 coupes de cheveux tendance pour femmes;Curly hair;g;womens_curly_hair;Defined natural curls;Make the hair in a defined natural curls style.;https://leeveostockage.s3.eu-west-3.amazonaws.com/style/womens_curly_hair.jpg;1
womens_hairstyles;Coupes de Cheveux Féminines;20 coupes de cheveux tendance pour femmes;Pixie cut;g;womens_pixie_cut;Short pixie haircut;Make the hair in a short pixie haircut style.;https://leeveostockage.s3.eu-west-3.amazonaws.com/style/womens_pixie_cut.jpg;1
womens_hairstyles;Coupes de Cheveux Féminines;20 coupes de cheveux tendance pour femmes;Side shave;g;womens_side_shave;Long hair with one side shaved;Make the hair in a long hair with one side shaved style.;https://leeveostockage.s3.eu-west-3.amazonaws.com/style/womens_side_shave.jpg;1
womens_hairstyles;Coupes de Cheveux Féminines;20 coupes de cheveux tendance pour femmes;French braid;g;womens_french_braid;Single French braid;Make the hair in a single french braid style.;https://leeveostockage.s3.eu-west-3.amazonaws.com/style/womens_french_braid.jpg;1
womens_hairstyles;Coupes de Cheveux Féminines;20 coupes de cheveux tendance pour femmes;Double buns;g;womens_double_buns;Hair in two symmetrical buns;Make the hair in a hair in two symmetrical buns style.;https://leeveostockage.s3.eu-west-3.amazonaws.com/style/womens_double_buns.jpg;1
womens_hairstyles;Coupes de Cheveux Féminines;20 coupes de cheveux tendance pour femmes;Messy bun;g;womens_messy_bun;Casual messy bun;Make the hair in a casual messy bun style.;https://leeveostockage.s3.eu-west-3.amazonaws.com/style/womens_messy_bun.jpg;1
womens_hairstyles;Coupes de Cheveux Féminines;20 coupes de cheveux tendance pour femmes;Sleek ponytail;g;womens_sleek_ponytail;Tight high ponytail;Make the hair in a tight high ponytail style.;https://leeveostockage.s3.eu-west-3.amazonaws.com/style/womens_sleek_ponytail.jpg;1
womens_hairstyles;Coupes de Cheveux Féminines;20 coupes de cheveux tendance pour femmes;test bun;g;womens_low_bun;Elegant low bun;Make the hair in a elegant low bun style.;https://leeveostockage.s3.eu-west-3.amazonaws.com/style/womens_low_bun.jpg;1
womens_hairstyles;Coupes de Cheveux Féminines;20 coupes de cheveux tendance pour femmes;Half-up style;g;womens_half_up;Half-up, half-down style;Make the hair in a half-up, half-down style style.;https://leeveostockage.s3.eu-west-3.amazonaws.com/style/womens_half_up.jpg;1
womens_hairstyles;Coupes de Cheveux Féminines;20 coupes de cheveux tendance pour femmes;test  crown;g;womens_braided_crown;Braided crown around the head;Make the hair in a braided crown around the head style.;https://leeveostockage.s3.eu-west-3.amazonaws.com/style/womens_braided_crown.jpg;1
womens_hairstyles;Coupes de Cheveux Féminines;20 coupes de cheveux tendance pour femmes;Vintage waves;g;womens_vintage_waves;Retro Hollywood waves;Make the hair in a retro hollywood waves style.;https://leeveostockage.s3.eu-west-3.amazonaws.com/style/womens_vintage_waves.jpg;1
womens_hairstyles;Coupes de Cheveux Féminines;20 coupes de cheveux tendance pour femmes;Top knot;g;womens_top_knot;High top knot bun;Make the hair in a high top knot bun style.;https://leeveostockage.s3.eu-west-3.amazonaws.com/style/womens_top_knot.jpg;1
womens_hairstyles;Coupes de Cheveux Féminines;20 coupes de cheveux tendance pour femmes;Shag cut;g;womens_shag_cut;Textured shag haircut;Make the hair in a textured shag haircut style.;https://leeveostockage.s3.eu-west-3.amazonaws.com/style/womens_shag_cut.jpg;1
womens_hairstyles;Coupes de Cheveux Féminines;20 coupes de cheveux tendance pour femmes;Straight with bangs;g;womens_straight_bangs;Straight hair with full bangs;Make the hair in a straight hair with full bangs style.;https://leeveostockage.s3.eu-west-3.amazonaws.com/style/womens_straight_bangs.jpg;1
womens_hairstyles;Coupes de Cheveux Féminines;20 coupes de cheveux tendance pour femmes;High pigtails;g;womens_high_pigtails;Playful high pigtails;Make the hair in a playful high pigtails style.;https://leeveostockage.s3.eu-west-3.amazonaws.com/style/womens_high_pigtails.jpg;1
womens_hairstyles;Coupes de Cheveux Féminines;20 coupes de cheveux tendance pour femmes;Layered lob;g;womens_layered_lob;Long bob with layers;Make the hair in a long bob with layers style.;https://leeveostockage.s3.eu-west-3.amazonaws.com/style/womens_layered_lob.jpg;1
mens_hairstyles;Coupes de Cheveux Masculines;20 coupes de cheveux tendance pour hommes;Buzz cut;g;mens_buzz_cut;Ultra short buzz cut;Make the hair in a ultra short buzz cut style.;https://leeveostockage.s3.eu-west-3.amazonaws.com/style/mens_buzz_cut.jpg;1
mens_hairstyles;Coupes de Cheveux Masculines;20 coupes de cheveux tendance pour hommes;Crew cut;g;mens_crew_cut;Classic crew cut with short sides;Make the hair in a classic crew cut with short sides style.;https://leeveostockage.s3.eu-west-3.amazonaws.com/style/mens_crew_cut.jpg;1
mens_hairstyles;Coupes de Cheveux Masculines;20 coupes de cheveux tendance pour hommes;Fade cut;g;mens_fade_cut;Modern fade with sharp edges;Make the hair in a modern fade with sharp edges style.;https://leeveostockage.s3.eu-west-3.amazonaws.com/style/mens_fade_cut.jpg;1
mens_hairstyles;Coupes de Cheveux Masculines;20 coupes de cheveux tendance pour hommes;Pompadour;g;mens_pompadour;Voluminous pompadour style;Make the hair in a voluminous pompadour style style.;https://leeveostockage.s3.eu-west-3.amazonaws.com/style/mens_pompadour.jpg;1
mens_hairstyles;Coupes de Cheveux Masculines;20 coupes de cheveux tendance pour hommes;Undercut;g;mens_undercut;Undercut with long top and shaved sides;Make the hair in a undercut with long top and shaved sides style.;https://leeveostockage.s3.eu-west-3.amazonaws.com/style/mens_undercut.jpg;1
mens_hairstyles;Coupes de Cheveux Masculines;20 coupes de cheveux tendance pour hommes;Quiff;g;mens_quiff;Styled quiff with volume;Make the hair in a styled quiff with volume style.;https://leeveostockage.s3.eu-west-3.amazonaws.com/style/mens_quiff.jpg;1
mens_hairstyles;Coupes de Cheveux Masculines;20 coupes de cheveux tendance pour hommes;Slick back;g;mens_slick_back;Hair slicked back with gel;Make the hair in a hair slicked back with gel style.;https://leeveostockage.s3.eu-west-3.amazonaws.com/style/mens_slick_back.jpg;1
mens_hairstyles;Coupes de Cheveux Masculines;20 coupes de cheveux tendance pour hommes;Side part;g;mens_side_part;Side-parted classic style;Make the hair in a side-parted classic style style.;https://leeveostockage.s3.eu-west-3.amazonaws.com/style/mens_side_part.jpg;1
mens_hairstyles;Coupes de Cheveux Masculines;20 coupes de cheveux tendance pour hommes;Curly top;g;mens_curly_top;Short sides with natural curls on top;Make the hair in a short sides with natural curls on top style.;https://leeveostockage.s3.eu-west-3.amazonaws.com/style/mens_curly_top.jpg;1
mens_hairstyles;Coupes de Cheveux Masculines;20 coupes de cheveux tendance pour hommes;Messy textured;g;mens_messy_textured;Textured messy look;Make the hair in a textured messy look style.;https://leeveostockage.s3.eu-west-3.amazonaws.com/style/mens_messy_textured.jpg;1
mens_hairstyles;Coupes de Cheveux Masculines;20 coupes de cheveux tendance pour hommes;Mullet;g;mens_mullet;Retro mullet with short front, long back;Make the hair in a retro mullet with short front, long back style.;https://leeveostockage.s3.eu-west-3.amazonaws.com/style/mens_mullet.jpg;1
mens_hairstyles;Coupes de Cheveux Masculines;20 coupes de cheveux tendance pour hommes;Man bun;g;mens_man_bun;Tied back man bun style;Make the hair in a tied back man bun style style.;https://leeveostockage.s3.eu-west-3.amazonaws.com/style/mens_man_bun.jpg;1
mens_hairstyles;Coupes de Cheveux Masculines;20 coupes de cheveux tendance pour hommes;Top knot;g;mens_top_knot;Top knot with undercut;Make the hair in a top knot with undercut style.;https://leeveostockage.s3.eu-west-3.amazonaws.com/style/mens_top_knot.jpg;1
mens_hairstyles;Coupes de Cheveux Masculines;20 coupes de cheveux tendance pour hommes;French crop;g;mens_french_crop;Short fringe crop style;Make the hair in a short fringe crop style style.;https://leeveostockage.s3.eu-west-3.amazonaws.com/style/mens_french_crop.jpg;1
mens_hairstyles;Coupes de Cheveux Masculines;20 coupes de cheveux tendance pour hommes;Long layered;g;mens_long_layered;Shoulder-length layered hair;Make the hair in a shoulder-length layered hair style.;https://leeveostockage.s3.eu-west-3.amazonaws.com/style/mens_long_layered.jpg;1
mens_hairstyles;Coupes de Cheveux Masculines;20 coupes de cheveux tendance pour hommes;Afro;g;mens_afro;Full rounded afro style;Make the hair in a full rounded afro style style.;https://leeveostockage.s3.eu-west-3.amazonaws.com/style/mens_afro.jpg;1
mens_hairstyles;Coupes de Cheveux Masculines;20 coupes de cheveux tendance pour hommes;Cornrows;g;mens_cornrows;Braided cornrows close to scalp;Make the hair in a braided cornrows close to scalp style.;https://leeveostockage.s3.eu-west-3.amazonaws.com/style/mens_cornrows.jpg;1
mens_hairstyles;Coupes de Cheveux Masculines;20 coupes de cheveux tendance pour hommes;Dreadlocks;g;mens_dreadlocks;Thick long dreadlocks;Make the hair in a thick long dreadlocks style.;https://leeveostockage.s3.eu-west-3.amazonaws.com/style/mens_dreadlocks.jpg;1
mens_hairstyles;Coupes de Cheveux Masculines;20 coupes de cheveux tendance pour hommes;Spiky hair;g;mens_spiky;Short and spiked with gel;Make the hair in a short and spiked with gel style.;https://leeveostockage.s3.eu-west-3.amazonaws.com/style/mens_spiky.jpg;1
mens_hairstyles;Coupes de Cheveux Masculines;20 coupes de cheveux tendance pour hommes;Ivy League;g;mens_ivy_league;Preppy Ivy League hairstyle;Make the hair in a preppy ivy league hairstyle style.;https://leeveostockage.s3.eu-west-3.amazonaws.com/style/mens_ivy_league.jpg;1
ancient_civilizations;Civilisations Historiques;20 tenues inspirées des grandes civilisations du monde;Egyptian Style;g;civilization_egyptian;Style inspiré de la civilisation Egyptian;While keeping exactly the same facial features make with an ancient Egyptian outfit with gold jewelry and eyeliner.;https://leeveostockage.s3.eu-west-3.amazonaws.com/style/civilization_egyptian.jpg;1
ancient_civilizations;Civilisations Historiques;20 tenues inspirées des grandes civilisations du monde;Roman Style;g;civilization_roman;Style inspiré de la civilisation Roman;While keeping exactly the same facial features make with a Roman tunic with a laurel crown .;https://leeveostockage.s3.eu-west-3.amazonaws.com/style/civilization_roman.jpg;1
ancient_civilizations;Civilisations Historiques;20 tenues inspirées des grandes civilisations du monde;Greek Style;g;civilization_greek;Style inspiré de la civilisation Greek;While keeping exactly the same facial features make with a classical Greek robe with braided hair and golden accessories.;https://leeveostockage.s3.eu-west-3.amazonaws.com/style/civilization_greek.jpg;1
ancient_civilizations;Civilisations Historiques;20 tenues inspirées des grandes civilisations du monde;Persian Style;g;civilization_persian;Style inspiré de la civilisation Persian;While keeping exactly the same facial features make with a Persian royal outfit with embroidered patterns and turban.;https://leeveostockage.s3.eu-west-3.amazonaws.com/style/civilization_persian.jpg;1
ancient_civilizations;Civilisations Historiques;20 tenues inspirées des grandes civilisations du monde;Viking Style;g;civilization_viking;Style inspiré de la civilisation Viking;While keeping exactly the same facial features make with a Viking warrior outfit with fur cloak and braided beard.;https://leeveostockage.s3.eu-west-3.amazonaws.com/style/civilization_viking.jpg;1
ancient_civilizations;Civilisations Historiques;20 tenues inspirées des grandes civilisations du monde;Aztec Style;g;civilization_aztec;Style inspiré de la civilisation Aztec;While keeping exactly the same facial features make with an Aztec outfit with feathers.;https://leeveostockage.s3.eu-west-3.amazonaws.com/style/civilization_aztec.jpg;1
ancient_civilizations;Civilisations Historiques;20 tenues inspirées des grandes civilisations du monde;Mayan Style;g;civilization_mayan;Style inspiré de la civilisation Mayan;Make this with a Mayan ceremonial outfit .;https://leeveostockage.s3.eu-west-3.amazonaws.com/style/civilization_mayan.jpg;1
ancient_civilizations;Civilisations Historiques;20 tenues inspirées des grandes civilisations du monde;Chinese Imperial Style;g;civilization_chinese;Style inspiré de la civilisation Chinese Imperial;While keeping exactly the same facial features make with a Chinese imperial robe with dragon motifs and crown.;https://leeveostockage.s3.eu-west-3.amazonaws.com/style/civilization_chinese.jpg;1
ancient_civilizations;Civilisations Historiques;20 tenues inspirées des grandes civilisations du monde;Japanese Samurai Style;g;civilization_samurai;Style inspiré de la civilisation Japanese Samurai;While keeping exactly the same facial features make with a samurai armor with helmet and katana.;https://leeveostockage.s3.eu-west-3.amazonaws.com/style/civilization_samurai.jpg;1
ancient_civilizations;Civilisations Historiques;20 tenues inspirées des grandes civilisations du monde;Zulu Style;g;civilization_zulu;Style inspiré de la civilisation Zulu;While keeping exactly the same facial features make with a traditional Zulu outfit with shield and body paint.;https://leeveostockage.s3.eu-west-3.amazonaws.com/style/civilization_zulu.jpg;1
ancient_civilizations;Civilisations Historiques;20 tenues inspirées des grandes civilisations du monde;Inca Style;g;civilization_inca;Style inspiré de la civilisation Inca;While keeping exactly the same facial features make with an Inca royal outfit with colorful textiles and sun crown.;https://leeveostockage.s3.eu-west-3.amazonaws.com/style/civilization_inca.jpg;1
ancient_civilizations;Civilisations Historiques;20 tenues inspirées des grandes civilisations du monde;Mesopotamian Style;g;civilization_mesopotamian;Style inspiré de la civilisation Mesopotamian;While keeping exactly the same facial features make with a Mesopotamian robe with cuneiform patterns.;https://leeveostockage.s3.eu-west-3.amazonaws.com/style/civilization_mesopotamian.jpg;1
ancient_civilizations;Civilisations Historiques;20 tenues inspirées des grandes civilisations du monde;Byzantine Style;g;civilization_byzantine;Style inspiré de la civilisation Byzantine;While keeping exactly the same facial features make with a Byzantine imperial robe with jeweled accents.;https://leeveostockage.s3.eu-west-3.amazonaws.com/style/civilization_byzantine.jpg;1
ancient_civilizations;Civilisations Historiques;20 tenues inspirées des grandes civilisations du monde;Mongol Style;g;civilization_mongol;Style inspiré de la civilisation Mongol;While keeping exactly the same facial features make with a Mongol warrior outfit with fur and bow.;https://leeveostockage.s3.eu-west-3.amazonaws.com/style/civilization_mongol.jpg;1
ancient_civilizations;Civilisations Historiques;20 tenues inspirées des grandes civilisations du monde;Indian Maharaja Style;g;civilization_maharaja;Style inspiré de la civilisation Indian Maharaja;While keeping exactly the same facial features make with an Indian maharaja outfit with turban and jewels.;https://leeveostockage.s3.eu-west-3.amazonaws.com/style/civilization_maharaja.jpg;1
ancient_civilizations;Civilisations Historiques;20 tenues inspirées des grandes civilisations du monde;Celtic Style;g;civilization_celtic;Style inspiré de la civilisation Celtic;While keeping exactly the same facial features make with a Celtic druid outfit with runes and staff.;https://leeveostockage.s3.eu-west-3.amazonaws.com/style/civilization_celtic.jpg;1
ancient_civilizations;Civilisations Historiques;20 tenues inspirées des grandes civilisations du monde;Native American Style;g;civilization_native_american;Style inspiré de la civilisation Native American;While keeping exactly the same facial features make with a Native American outfit with feathers and beadwork.;https://leeveostockage.s3.eu-west-3.amazonaws.com/style/civilization_native_american.jpg;1
ancient_civilizations;Civilisations Historiques;20 tenues inspirées des grandes civilisations du monde;Ottoman Style;g;civilization_ottoman;Style inspiré de la civilisation Ottoman;While keeping exactly the same facial features make with an Ottoman sultan outfit with ornate fabric and turban.;https://leeveostockage.s3.eu-west-3.amazonaws.com/style/civilization_ottoman.jpg;1
ancient_civilizations;Civilisations Historiques;20 tenues inspirées des grandes civilisations du monde;Tibetan Style;g;civilization_tibetan;Style inspiré de la civilisation Tibetan;While keeping exactly the same facial features make with a Tibetan monk robe with prayer beads.;https://leeveostockage.s3.eu-west-3.amazonaws.com/style/civilization_tibetan.jpg;1
ancient_civilizations;Civilisations Historiques;20 tenues inspirées des grandes civilisations du monde;Phoenician Style;g;civilization_phoenician;Style inspiré de la civilisation Phoenician;While keeping exactly the same facial features make with a Phoenician trader outfit with purple dye and cloak.;https://leeveostockage.s3.eu-west-3.amazonaws.com/style/civilization_phoenician.jpg;1
womens_makeup_pack;Pack Maquillage Femme;20 styles de maquillage pour le visage féminin;Red lips and smoky eyes;g;makeup_red_smoky;Makeup look featuring red lips and smoky eye makeup;While keeping exactly the same facial features make with red lips and smoky eye makeup.;https://leeveostockage.s3.eu-west-3.amazonaws.com/style/makeup_red_smoky.jpg;1
womens_makeup_pack;Pack Maquillage Femme;20 styles de maquillage pour le visage féminin;Nude lips with bronze glow;g;makeup_nude_bronze;Makeup look featuring nude lips and bronzed cheeks;While keeping exactly the same facial features make with nude lips and bronzed cheeks.;https://leeveostockage.s3.eu-west-3.amazonaws.com/style/makeup_nude_bronze.jpg;1
womens_makeup_pack;Pack Maquillage Femme;20 styles de maquillage pour le visage féminin;Pink lips with rosy blush;g;makeup_pink_rosy;Makeup look featuring pink lips, rosy blush and subtle eyeliner;While keeping exactly the same facial features make with pink lips, rosy blush and subtle eyeliner.;https://leeveostockage.s3.eu-west-3.amazonaws.com/style/makeup_pink_rosy.jpg;1
womens_makeup_pack;Pack Maquillage Femme;20 styles de maquillage pour le visage féminin;Glossy lips and gold shimmer eyes;g;makeup_glossy_gold;Makeup look featuring glossy lips and golden eyeshadow;While keeping exactly the same facial features make with glossy lips and golden eyeshadow.;https://leeveostockage.s3.eu-west-3.amazonaws.com/style/makeup_glossy_gold.jpg;1
womens_makeup_pack;Pack Maquillage Femme;20 styles de maquillage pour le visage féminin;Matte brown lips and neutral tones;g;makeup_matte_neutral;Makeup look featuring matte brown lips and neutral eye makeup;While keeping exactly the same facial features make with matte brown lips and neutral eye makeup.;https://leeveostockage.s3.eu-west-3.amazonaws.com/style/makeup_matte_neutral.jpg;1
womens_makeup_pack;Pack Maquillage Femme;20 styles de maquillage pour le visage féminin;Plum lips with silver eyeshadow;g;makeup_plum_silver;Makeup look featuring plum lips and shimmering silver eyeshadow;While keeping exactly the same facial features make with plum lips and shimmering silver eyeshadow.;https://leeveostockage.s3.eu-west-3.amazonaws.com/style/makeup_plum_silver.jpg;1
womens_makeup_pack;Pack Maquillage Femme;20 styles de maquillage pour le visage féminin;Peach lips and coral cheeks;g;makeup_peach_coral;Makeup look featuring peach lips and coral blush with light eye makeup;While keeping exactly the same facial features make with peach lips and coral blush with light eye makeup.;https://leeveostockage.s3.eu-west-3.amazonaws.com/style/makeup_peach_coral.jpg;1
womens_makeup_pack;Pack Maquillage Femme;20 styles de maquillage pour le visage féminin;Dark red lips and cat eyeliner;g;makeup_dark_cat;Makeup look featuring dark red lips and sharp cat eye liner;While keeping exactly the same facial features make with dark red lips and sharp cat eye liner.;https://leeveostockage.s3.eu-west-3.amazonaws.com/style/makeup_dark_cat.jpg;1
womens_makeup_pack;Pack Maquillage Femme;20 styles de maquillage pour le visage féminin;Orange lips with sunset tones;g;makeup_orange_sunset;Makeup look featuring orange lips and sunset-inspired eye makeup;While keeping exactly the same facial features make with orange lips and sunset-inspired eye makeup.;https://leeveostockage.s3.eu-west-3.amazonaws.com/style/makeup_orange_sunset.jpg;1
womens_makeup_pack;Pack Maquillage Femme;20 styles de maquillage pour le visage féminin;Glossy pink lips with glitter eyes;g;makeup_pink_glitter;Makeup look featuring glossy pink lips and glittery eyeshadow;While keeping exactly the same facial features make with glossy pink lips and glittery eyeshadow.;https://leeveostockage.s3.eu-west-3.amazonaws.com/style/makeup_pink_glitter.jpg;1
womens_makeup_pack;Pack Maquillage Femme;20 styles de maquillage pour le visage féminin;Vampy lips and deep contour;g;makeup_vampy_contour;Makeup look featuring dark vampy lips and contoured cheekbones;While keeping exactly the same facial features make with dark vampy lips and contoured cheekbones.;https://leeveostockage.s3.eu-west-3.amazonaws.com/style/makeup_vampy_contour.jpg;1
womens_makeup_pack;Pack Maquillage Femme;20 styles de maquillage pour le visage féminin;Metallic lips and holographic eyes;g;makeup_metallic_holo;Makeup look featuring metallic lips and holographic eye shadow;While keeping exactly the same facial features make with metallic lips and holographic eye shadow.;https://leeveostockage.s3.eu-west-3.amazonaws.com/style/makeup_metallic_holo.jpg;1
womens_makeup_pack;Pack Maquillage Femme;20 styles de maquillage pour le visage féminin;Pastel makeup with soft pink tones;g;makeup_pastel_soft;Makeup look featuring pastel eye makeup and soft pink lips;While keeping exactly the same facial features make with pastel eye makeup and soft pink lips.;https://leeveostockage.s3.eu-west-3.amazonaws.com/style/makeup_pastel_soft.jpg;1
womens_makeup_pack;Pack Maquillage Femme;20 styles de maquillage pour le visage féminin;Berry lips and mauve tones;g;makeup_berry_mauve;Makeup look featuring berry lips and mauve blush with matching eyeshadow;While keeping exactly the same facial features make with berry lips and mauve blush with matching eyeshadow.;https://leeveostockage.s3.eu-west-3.amazonaws.com/style/makeup_berry_mauve.jpg;1
womens_makeup_pack;Pack Maquillage Femme;20 styles de maquillage pour le visage féminin;Red gloss and winged eyeliner;g;makeup_red_winged;Makeup look featuring red glossy lips and dramatic winged eyeliner;While keeping exactly the same facial features make with red glossy lips and dramatic winged eyeliner.;https://leeveostockage.s3.eu-west-3.amazonaws.com/style/makeup_red_winged.jpg;1
womens_makeup_pack;Pack Maquillage Femme;20 styles de maquillage pour le visage féminin;Fuchsia lips and bold lashes;g;makeup_fuchsia_lashes;Makeup look featuring fuchsia lips and voluminous eyelashes;While keeping exactly the same facial features make with fuchsia lips and voluminous eyelashes.;https://leeveostockage.s3.eu-west-3.amazonaws.com/style/makeup_fuchsia_lashes.jpg;1
womens_makeup_pack;Pack Maquillage Femme;20 styles de maquillage pour le visage féminin;Natural tones with freckles;g;makeup_natural_freckles;Makeup look featuring natural makeup with nude lips and freckles;While keeping exactly the same facial features make with natural makeup with nude lips .;https://leeveostockage.s3.eu-west-3.amazonaws.com/style/makeup_natural_freckles.jpg;1
womens_makeup_pack;Pack Maquillage Femme;20 styles de maquillage pour le visage féminin;Silver eyeliner and icy pink lips;g;makeup_silver_icy;Makeup look featuring silver eyeliner and icy pink lips;While keeping exactly the same facial features make with silver eyeliner and icy pink lips.;https://leeveostockage.s3.eu-west-3.amazonaws.com/style/makeup_silver_icy.jpg;1
womens_makeup_pack;Pack Maquillage Femme;20 styles de maquillage pour le visage féminin;Copper shimmer and nude lips;g;makeup_copper_nude;Makeup look featuring copper eyeshadow and nude matte lips;While keeping exactly the same facial features make with copper eyeshadow and nude matte lips.;https://leeveostockage.s3.eu-west-3.amazonaws.com/style/makeup_copper_nude.jpg;1
womens_makeup_pack;Pack Maquillage Femme;20 styles de maquillage pour le visage féminin;Golden glow with highlight;g;makeup_golden_highlight;Makeup look featuring golden cheeks, highlighted skin and soft lips;While keeping exactly the same facial features make with golden cheeks, highlighted skin and soft lips.;https://leeveostockage.s3.eu-west-3.amazonaws.com/style/makeup_golden_highlight.jpg;1
carnival_costumes;Costumes de Carnaval & Mascarade;20 styles de masques et tenues inspirés des bals masqués et carnavals;Venetian Mask;g;carnival_venetian_mask;Carnival costume: Venetian Mask;While keeping exactly the same facial features make with an ornate Venetian mask with gold details and feathers, clothes.;https://leeveostockage.s3.eu-west-3.amazonaws.com/style/carnival_venetian_mask.jpg;1
carnival_costumes;Costumes de Carnaval & Mascarade;20 styles de masques et tenues inspirés des bals masqués et carnavals;Feathered Masquerade;g;carnival_feathered;Carnival costume: Feathered Masquerade;While keeping exactly the same facial features make with a feathered masquerade costume with sparkling eyeshadow, carnaval clothes, venise background.;https://leeveostockage.s3.eu-west-3.amazonaws.com/style/carnival_feathered.jpg;1
carnival_costumes;Costumes de Carnaval & Mascarade;20 styles de masques et tenues inspirés des bals masqués et carnavals;Glitter Carnival;g;carnival_glitter_carnival;Carnival costume: Glitter Carnival;While keeping exactly the same facial features make with a carnival outfit with shimmering glitter makeup and sequins.;https://leeveostockage.s3.eu-west-3.amazonaws.com/style/carnival_glitter_carnival.jpg;1
carnival_costumes;Costumes de Carnaval & Mascarade;20 styles de masques et tenues inspirés des bals masqués et carnavals;Mysterious Cloak;g;carnival_mysterious_cloak;Carnival costume: Mysterious Cloak;While keeping exactly the same facial features make with a black masquerade cloak with silver embroidery and dark mask.;https://leeveostockage.s3.eu-west-3.amazonaws.com/style/carnival_mysterious_cloak.jpg;1
carnival_costumes;Costumes de Carnaval & Mascarade;20 styles de masques et tenues inspirés des bals masqués et carnavals;Jester Costume;g;carnival_jester;Carnival costume: Jester Costume;While keeping exactly the same facial features make with a colorful jester costume with bells and checkered mask.;https://leeveostockage.s3.eu-west-3.amazonaws.com/style/carnival_jester.jpg;1
carnival_costumes;Costumes de Carnaval & Mascarade;20 styles de masques et tenues inspirés des bals masqués et carnavals;Queen of Carnival;g;carnival_queen_carnival;Carnival costume: Queen of Carnival;While keeping exactly the same facial features make with a regal carnival dress with a crystal mask and elegant fan.;https://leeveostockage.s3.eu-west-3.amazonaws.com/style/carnival_queen_carnival.jpg;1
carnival_costumes;Costumes de Carnaval & Mascarade;20 styles de masques et tenues inspirés des bals masqués et carnavals;Harlequin Style;g;carnival_harlequin;Carnival costume: Harlequin Style;While keeping exactly the same facial features make with a harlequin-patterned mask with bold geometric makeup.;https://leeveostockage.s3.eu-west-3.amazonaws.com/style/carnival_harlequin.jpg;1
carnival_costumes;Costumes de Carnaval & Mascarade;20 styles de masques et tenues inspirés des bals masqués et carnavals;Fantasy Peacock;g;carnival_peacock;Carnival costume: Fantasy Peacock;While keeping exactly the same facial features make with a peacock-inspired costume with blue and green feathers.;https://leeveostockage.s3.eu-west-3.amazonaws.com/style/carnival_peacock.jpg;1
carnival_costumes;Costumes de Carnaval & Mascarade;20 styles de masques et tenues inspirés des bals masqués et carnavals;Mystic Fire Mask;g;carnival_fire_mask;Carnival costume: Mystic Fire Mask;While keeping exactly the same facial features While keeping exactly the same facial features, make it with a fiery red and orange mask with flame-shaped patterns.;https://leeveostockage.s3.eu-west-3.amazonaws.com/style/carnival_fire_mask.jpg;1
carnival_costumes;Costumes de Carnaval & Mascarade;20 styles de masques et tenues inspirés des bals masqués et carnavals;Icy Masquerade;g;carnival_ice_mask;Carnival costume: Icy Masquerade;While keeping exactly the same facial features make with an icy silver-blue costume with snowflake mask.;https://leeveostockage.s3.eu-west-3.amazonaws.com/style/carnival_ice_mask.jpg;1
carnival_costumes;Costumes de Carnaval & Mascarade;20 styles de masques et tenues inspirés des bals masqués et carnavals;Moonlight Masquerade;g;carnival_moonlight;Carnival costume: Moonlight Masquerade;While keeping exactly the same facial features make with a moon-themed mask with silver tones and soft glow.;https://leeveostockage.s3.eu-west-3.amazonaws.com/style/carnival_moonlight.jpg;1
carnival_costumes;Costumes de Carnaval & Mascarade;20 styles de masques et tenues inspirés des bals masqués et carnavals;Golden Angel;g;carnival_golden_angel;Carnival costume: Golden Angel;While keeping exactly the same facial features make with a white and gold costume with radiant mask and halo-like accessories.;https://leeveostockage.s3.eu-west-3.amazonaws.com/style/carnival_golden_angel.jpg;1
carnival_costumes;Costumes de Carnaval & Mascarade;20 styles de masques et tenues inspirés des bals masqués et carnavals;Dark Phantom;g;carnival_dark_phantom;Carnival costume: Dark Phantom;While keeping exactly the same facial features, make it with a dark phantom mask keeping skin with half-face coverage and red velvet cloak.;https://leeveostockage.s3.eu-west-3.amazonaws.com/style/carnival_dark_phantom.jpg;1
carnival_costumes;Costumes de Carnaval & Mascarade;20 styles de masques et tenues inspirés des bals masqués et carnavals;Rose Masque;g;carnival_rose_masque;Carnival costume: Rose Masque;While keeping exactly the same facial features, make it with a floral mask with red roses and elegant lace.;https://leeveostockage.s3.eu-west-3.amazonaws.com/style/carnival_rose_masque.jpg;1
carnival_costumes;Costumes de Carnaval & Mascarade;20 styles de masques et tenues inspirés des bals masqués et carnavals;Butterfly Veil;g;carnival_butterfly_veil;Carnival costume: Butterfly Veil;While keeping exactly the same facial features, make it with a butterfly-shaped mask with colorful wings and sparkling gems.;https://leeveostockage.s3.eu-west-3.amazonaws.com/style/carnival_butterfly_veil.jpg;1
carnival_costumes;Costumes de Carnaval & Mascarade;20 styles de masques et tenues inspirés des bals masqués et carnavals;Masquerade Pirate;g;carnival_pirate_mask;Carnival costume: Masquerade Pirate;While keeping exactly the same facial features, make it with a pirate-themed costume with feathered hat and leather mask.;https://leeveostockage.s3.eu-west-3.amazonaws.com/style/carnival_pirate_mask.jpg;1
carnival_costumes;Costumes de Carnaval & Mascarade;20 styles de masques et tenues inspirés des bals masqués et carnavals;Crystal Shards;g;carnival_crystal_shards;Carnival costume: Crystal Shards;While keeping exactly the same facial features, make it with a mask with translucent crystal pieces and metallic accents.;https://leeveostockage.s3.eu-west-3.amazonaws.com/style/carnival_crystal_shards.jpg;1
carnival_costumes;Costumes de Carnaval & Mascarade;20 styles de masques et tenues inspirés des bals masqués et carnavals;Sun God;g;carnival_sun_god;Carnival costume: Sun God;While keeping exactly the same facial features, make it with a bright golden mask with radiant sun rays and warm tones.;https://leeveostockage.s3.eu-west-3.amazonaws.com/style/carnival_sun_god.jpg;1
carnival_costumes;Costumes de Carnaval & Mascarade;20 styles de masques et tenues inspirés des bals masqués et carnavals;Forest Spirit;g;carnival_forest_spirit;Carnival costume: Forest Spirit;While keeping exactly the same facial features, make it with a woodland-inspired mask with leaves, bark textures and green makeup.;https://leeveostockage.s3.eu-west-3.amazonaws.com/style/carnival_forest_spirit.jpg;1
carnival_costumes;Costumes de Carnaval & Mascarade;20 styles de masques et tenues inspirés des bals masqués et carnavals;Elegant Lace;g;carnival_elegant_lace;Carnival costume: Elegant Lace;While keeping exactly the same facial features, make it with a delicate lace masquerade mask with pearls and soft blush.;https://leeveostockage.s3.eu-west-3.amazonaws.com/style/carnival_elegant_lace.jpg;1
themed_party;Soirée à Thème;Collection de styles pour soirées à thème;Cabaret Années 30;g;themed_cabaret_30s;Ambiance cabaret années 30, Music-Hall festif;Garder exactement le visage de la personne. La personne est au premier plan, habillée dans le thème du décor. Décor : cabaret années 30, ambiance Music-Hall & fête, avec des personnes en arrière-plan en train de danser. Style photoréaliste.;https://leeveostockage.s3.eu-west-3.amazonaws.com/style/themed_cabaret_30s.jpg;1
themed_party;Soirée à Thème;Collection de styles pour soirées à thème;Belle Époque;g;themed_belle_epoque;Élégance de la Belle Époque dans un bar festif;Garder exactement le visage et l'apparence de la personne, sans aucune modification. La personne doit être au premier plan, bien visible. Elle doit être habillée à la mode des années 30. Ambiance de bar festif des Années folles & Belle Époque. Des personnes en arrière-plan dansent et font la fête. Style photoréaliste.;https://leeveostockage.s3.eu-west-3.amazonaws.com/style/themed_belle_epoque.jpg;1
themed_party;Soirée à Thème;Collection de styles pour soirées à thème;Bistro Chic;g;themed_bistro_chic;Intérieur bistro chic avec ambiance festive élégante;Garder exactement le visage de la personne. La personne est au premier plan, habillée dans le thème du décor. Décor: Intérieur Esprit bistro chic, avec un arrière-plan légèrement différent comprenant des tables, des lampes douces, et des gens en arrière-plan en train de danser ou discuter, ambiance festive et élégante. Style photoréaliste. La personne n'est pas en mode selfie. Pas d'autres modifications sur le visage.;https://leeveostockage.s3.eu-west-3.amazonaws.com/style/themed_bistro_chic.jpg;1
themed_party;Soirée à Thème;Collection de styles pour soirées à thème;Bistro Élégant;g;themed_elegant_bistro;Ambiance bistro élégant avec atmosphère conviviale;Garder exactement le visage de la personne. La personne est au premier plan, habillée dans le thème du décor. Décor: Intérieur Esprit bistro chic, avec un arrière-plan légèrement différent comprenant des tables, des lampes douces, et des gens en arrière-plan en train de danser ou discuter, ambiance festive et élégante. Style photoréaliste. La personne n'est pas en mode selfie. Pas d'autres modifications sur le visage.;https://leeveostockage.s3.eu-west-3.amazonaws.com/style/themed_elegant_bistro.jpg;1
themed_party;Soirée à Thème;Collection de styles pour soirées à thème;Superhéros Cartoon;g;themed_cartoon_superhero;Univers cartoon superhéros avec visage réaliste;Garder exactement le visage réel de la personne, avec un rendu très réaliste au niveau de la tête. Les gens déjà présents ne doivent pas être changés. Décor : univers cartoon / dessin animé sur le thème des superhéros. Toutes les personnes doivent être habillées selon le thème du décor, dans un style cartoon cohérent. Le corps et les vêtements sont en style cartoon, mais la tête reste réaliste et fidèle. Ambiance dynamique et colorée, comme une scène de dessin animé de superhéros.;https://leeveostockage.s3.eu-west-3.amazonaws.com/style/themed_cartoon_superhero.jpg;1
themed_party;Soirée à Thème;Collection de styles pour soirées à thème;Retour vers le Futur;g;themed_back_to_future;Thème Retour vers le futur, style cartoon dynamique;Garder exactement le visage de la personne avec un rendu très réaliste. La personne est au premier plan et ne doit pas être modifiée, juste intégrée dans la scène. Les autres personnes visibles ne doivent pas être changées. Tout le décor et les vêtements doivent être dans le thème Retour vers le futur, avec une ambiance cartoon mais un visage réaliste. Les personnes en arrière-plan sont habillées dans le même thème. Style : cartoon dynamique pour le décor et les corps, mais tête réaliste fidèle à l'original.;https://leeveostockage.s3.eu-west-3.amazonaws.com/style/themed_back_to_future.jpg;1
themed_party;Soirée à Thème;Collection de styles pour soirées à thème;Avatar Pandora;g;themed_avatar_pandora;Monde d'Avatar avec forêt bioluminescente magique;Garder exactement les visages des deux personnes sans aucune modification. Les deux personnes sont intégrées dans un décor inspiré du monde d'Avatar : forêt bioluminescente, lumières fluorescentes, ambiance magique et colorée. Les corps et les vêtements sont adaptés au thème Avatar (tenues inspirées du peuple Na'vi, couleurs et textures naturelles), mais les visages restent réalistes et identiques aux originaux. Style photoréaliste, couleurs vives, immersion totale. Les deux personnes sont cohérentes en taille et intégrées naturellement dans la scène.;https://leeveostockage.s3.eu-west-3.amazonaws.com/style/themed_avatar_pandora.jpg;1
themed_party;Soirée à Thème;Collection de styles pour soirées à thème;Avengers;g;themed_avengers;Univers Avengers avec ambiance super-héros spectaculaire;Garder exactement les visages des deux personnes sans aucune modification. Les deux personnes doivent sembler très réalistes au niveau du visage, parfaitement intégrées. Elles sont habillées dans un style inspiré des Avengers, cohérent avec l'univers super-héros, tout en restant crédible et réaliste. Décor : ambiance Avengers, avec éléments technologiques, lumières dynamiques, énergie et couleurs vives, style spectaculaire mais réaliste. Les deux personnes gardent leur apparence réelle, proportions normales, niveau de réalisme élevé. Aucun changement sur leurs visages.;https://leeveostockage.s3.eu-west-3.amazonaws.com/style/themed_avengers.jpg;1
themed_party;Soirée à Thème;Collection de styles pour soirées à thème;Carnaval de Rio;g;themed_rio_carnival;Ambiance carnavalesque de Rio avec costumes festifs;Garder exactement le visage et l'apparence des deux personnes. Les deux personnes sont au premier plan, habillées dans le thème Carnaval de Rio, avec des costumes colorés et festifs. Décor : ambiance carnavalesque, avec d'autres personnes en arrière-plan en train de danser et de célébrer, couleurs vives et lumières festives. Les deux personnes sont à la même taille que tout le monde et parfaitement intégrées dans le décor. Style photoréaliste ultra-détaillé, visages réalistes avec proportions naturelles, textures de peau et éclairage crédibles, rendu digne d'une véritable photographie.;https://leeveostockage.s3.eu-west-3.amazonaws.com/style/themed_rio_carnival.jpg;1
music_styles_detailed;Styles Musicaux Détailés;20 styles vestimentaires inspirés de genres musicaux avec accessoires;Style Jazz;g;music_jazz;Style Jazz avec tenue et accessoires typiques;While keeping exactly the same facial features, make it with jazz outfit clothes and hat.;https://leeveostockage.s3.eu-west-3.amazonaws.com/style/music_jazz.jpg;1
music_styles_detailed;Styles Musicaux Détailés;20 styles vestimentaires inspirés de genres musicaux avec accessoires;Style Rock;g;music_rock;Style Rock avec tenue et accessoires typiques;While keeping exactly the same facial features, make it with rock outfit clothes and leather jacket.;https://leeveostockage.s3.eu-west-3.amazonaws.com/style/music_rock.jpg;1
music_styles_detailed;Styles Musicaux Détailés;20 styles vestimentaires inspirés de genres musicaux avec accessoires;Style Hip-hop;g;music_hiphop;Style Hip-hop avec tenue et accessoires typiques;While keeping exactly the same facial features, make it with hip-hop outfit clothes and gold chain.;https://leeveostockage.s3.eu-west-3.amazonaws.com/style/music_hiphop.jpg;1
music_styles_detailed;Styles Musicaux Détailés;20 styles vestimentaires inspirés de genres musicaux avec accessoires;Style Classical;g;music_classical;Style Classical avec tenue et accessoires typiques;While keeping exactly the same facial features, make it with classical outfit clothes and violin.;https://leeveostockage.s3.eu-west-3.amazonaws.com/style/music_classical.jpg;1
music_styles_detailed;Styles Musicaux Détailés;20 styles vestimentaires inspirés de genres musicaux avec accessoires;Style Pop;g;music_pop;Style Pop avec tenue et accessoires typiques;While keeping exactly the same facial features, make it with pop outfit clothes and microphone.;https://leeveostockage.s3.eu-west-3.amazonaws.com/style/music_pop.jpg;1
music_styles_detailed;Styles Musicaux Détailés;20 styles vestimentaires inspirés de genres musicaux avec accessoires;Style Punk;g;music_punk;Style Punk avec tenue et accessoires typiques;While keeping exactly the same facial features, make it with punk outfit clothes and spiked hair.;https://leeveostockage.s3.eu-west-3.amazonaws.com/style/music_punk.jpg;1
music_styles_detailed;Styles Musicaux Détailés;20 styles vestimentaires inspirés de genres musicaux avec accessoires;Style Metal;g;music_metal;Style Metal avec tenue et accessoires typiques;While keeping exactly the same facial features, make it with metal outfit clothes and skull rings.;https://leeveostockage.s3.eu-west-3.amazonaws.com/style/music_metal.jpg;1
music_styles_detailed;Styles Musicaux Détailés;20 styles vestimentaires inspirés de genres musicaux avec accessoires;Style Country;g;music_country;Style Country avec tenue et accessoires typiques;While keeping exactly the same facial features, make it with country outfit clothes and cowboy hat.;https://leeveostockage.s3.eu-west-3.amazonaws.com/style/music_country.jpg;1
music_styles_detailed;Styles Musicaux Détailés;20 styles vestimentaires inspirés de genres musicaux avec accessoires;Style Techno;g;music_techno;Style Techno avec tenue et accessoires typiques;While keeping exactly the same facial features, make it with techno outfit clothes and neon glasses.;https://leeveostockage.s3.eu-west-3.amazonaws.com/style/music_techno.jpg;1
music_styles_detailed;Styles Musicaux Détailés;20 styles vestimentaires inspirés de genres musicaux avec accessoires;Style Blues;g;music_blues;Style Blues avec tenue et accessoires typiques;While keeping exactly the same facial features, make it with blues outfit clothes and harmonica.;https://leeveostockage.s3.eu-west-3.amazonaws.com/style/music_blues.jpg;1
music_styles_detailed;Styles Musicaux Détailés;20 styles vestimentaires inspirés de genres musicaux avec accessoires;Style Disco;g;music_disco;Style Disco avec tenue et accessoires typiques;While keeping exactly the same facial features, make it with disco outfit clothes and shiny jacket.;https://leeveostockage.s3.eu-west-3.amazonaws.com/style/music_disco.jpg;1
music_styles_detailed;Styles Musicaux Détailés;20 styles vestimentaires inspirés de genres musicaux avec accessoires;Style Funk;g;music_funk;Style Funk avec tenue et accessoires typiques;While keeping exactly the same facial features, make it with funk outfit clothes and hairstyle.;https://leeveostockage.s3.eu-west-3.amazonaws.com/style/music_funk.jpg;1
music_styles_detailed;Styles Musicaux Détailés;20 styles vestimentaires inspirés de genres musicaux avec accessoires;Style EDM;g;music_edm;Style EDM avec tenue et accessoires typiques;While keeping exactly the same facial features, make it with EDM outfit clothes and LED accessories.;https://leeveostockage.s3.eu-west-3.amazonaws.com/style/music_edm.jpg;1
music_styles_detailed;Styles Musicaux Détailés;20 styles vestimentaires inspirés de genres musicaux avec accessoires;Style R&B;g;music_rnb;Style R&B avec tenue et accessoires typiques;While keeping exactly the same facial features, make it with R&B outfit clothes and sunglasses.;https://leeveostockage.s3.eu-west-3.amazonaws.com/style/music_rnb.jpg;1
music_styles_detailed;Styles Musicaux Détailés;20 styles vestimentaires inspirés de genres musicaux avec accessoires;Style K-pop;g;music_kpop;Style K-pop avec tenue et accessoires typiques;While keeping exactly the same facial features, make it with K-pop outfit clothes and stylish earrings.;https://leeveostockage.s3.eu-west-3.amazonaws.com/style/music_kpop.jpg;1
music_styles_detailed;Styles Musicaux Détailés;20 styles vestimentaires inspirés de genres musicaux avec accessoires;Style Goth;g;music_goth;Style Goth avec tenue et accessoires typiques;While keeping exactly the same facial features, make it with goth outfit clothes and dark makeup.;https://leeveostockage.s3.eu-west-3.amazonaws.com/style/music_goth.jpg;1
music_styles_detailed;Styles Musicaux Détailés;20 styles vestimentaires inspirés de genres musicaux avec accessoires;Style Latin;g;music_latin;Style Latin avec tenue et accessoires typiques;While keeping exactly the same facial features, make it with latin outfit clothes .;https://leeveostockage.s3.eu-west-3.amazonaws.com/style/music_latin.jpg;1
music_styles_detailed;Styles Musicaux Détailés;20 styles vestimentaires inspirés de genres musicaux avec accessoires;Style Folk;g;music_folk;Style Folk avec tenue et accessoires typiques;While keeping exactly the same facial features, make it with folk outfit clothes and acoustic guitar.;https://leeveostockage.s3.eu-west-3.amazonaws.com/style/music_folk.jpg;1
music_styles_detailed;Styles Musicaux Détailés;20 styles vestimentaires inspirés de genres musicaux avec accessoires;Style Grunge;g;music_grunge;Style Grunge avec tenue et accessoires typiques;While keeping exactly the same facial features, make it with grunge outfit clothes and flannel shirt.;https://leeveostockage.s3.eu-west-3.amazonaws.com/style/music_grunge.jpg;1
artistic_makeup;Maquillage Artistique et Effets de Peau;20 maquillages créatifs, fantasy et spéciaux;Green skin with tribal gold paint;g;makeup_green_tribal;Makeup style featuring green skin and golden tribal face paint;While keeping exactly the same facial features, make it with green skin and golden tribal face paint.;https://leeveostockage.s3.eu-west-3.amazonaws.com/style/makeup_green_tribal.jpg;1
artistic_makeup;Maquillage Artistique et Effets de Peau;20 maquillages créatifs, fantasy et spéciaux;Silver metallic skin with glowing eyes;g;makeup_silver_glow;Makeup style featuring metallic silver skin and glowing eyes;While keeping exactly the same facial features, make it with metallic silver skin and glowing eyes.;https://leeveostockage.s3.eu-west-3.amazonaws.com/style/makeup_silver_glow.jpg;1
artistic_makeup;Maquillage Artistique et Effets de Peau;20 maquillages créatifs, fantasy et spéciaux;Blue galaxy skin with stars;g;makeup_blue_galaxy;Makeup style featuring blue skin and galaxy makeup with stars;While keeping exactly the same facial features, make it with blue skin and galaxy makeup with stars.;https://leeveostockage.s3.eu-west-3.amazonaws.com/style/makeup_blue_galaxy.jpg;1
artistic_makeup;Maquillage Artistique et Effets de Peau;20 maquillages créatifs, fantasy et spéciaux;Black eyeliner and red teardrops;g;makeup_red_teardrops;Makeup style featuring artistic black eyeliner and red teardrops;While keeping exactly the same facial features, make it with artistic black eyeliner and red teardrops.;https://leeveostockage.s3.eu-west-3.amazonaws.com/style/makeup_red_teardrops.jpg;1
artistic_makeup;Maquillage Artistique et Effets de Peau;20 maquillages créatifs, fantasy et spéciaux;Cracked porcelain effect;g;makeup_cracked_porcelain;Makeup style featuring cracked porcelain skin effect;While keeping exactly the same facial features, make it with cracked porcelain skin effect.;https://leeveostockage.s3.eu-west-3.amazonaws.com/style/makeup_cracked_porcelain.jpg;1
artistic_makeup;Maquillage Artistique et Effets de Peau;20 maquillages créatifs, fantasy et spéciaux;Neon UV face paint;g;makeup_neon_uv;Makeup style featuring neon makeup and UV face paint;While keeping exactly the same facial features, make it with neon makeup and UV face paint.;https://leeveostockage.s3.eu-west-3.amazonaws.com/style/makeup_neon_uv.jpg;1
artistic_makeup;Maquillage Artistique et Effets de Peau;20 maquillages créatifs, fantasy et spéciaux;Glitter cheeks and rainbow eyebrows;g;makeup_glitter_rainbow;Makeup style featuring glitter cheeks and rainbow eyebrows;While keeping exactly the same facial features, make it with glitter cheeks and rainbow eyebrows.;https://leeveostockage.s3.eu-west-3.amazonaws.com/style/makeup_glitter_rainbow.jpg;1
artistic_makeup;Maquillage Artistique et Effets de Peau;20 maquillages créatifs, fantasy et spéciaux;Half skull painted face;g;makeup_half_skull;Makeup style featuring half face painted as a skull;While keeping exactly the same facial features, make it with half face painted as a skull.;https://leeveostockage.s3.eu-west-3.amazonaws.com/style/makeup_half_skull.jpg;1
artistic_makeup;Maquillage Artistique et Effets de Peau;20 maquillages créatifs, fantasy et spéciaux;Purple skin with jewels;g;makeup_purple_jewels;Makeup style featuring purple skin and jewel accents;While keeping exactly the same facial features, make it with purple skin and jewel accents.;https://leeveostockage.s3.eu-west-3.amazonaws.com/style/makeup_purple_jewels.jpg;1
artistic_makeup;Maquillage Artistique et Effets de Peau;20 maquillages créatifs, fantasy et spéciaux;Star freckles and sparkles;g;makeup_star_freckles;Makeup style featuring freckles made of stars and sparkles;While keeping exactly the same facial features, make it with freckles made of stars and sparkles.;https://leeveostockage.s3.eu-west-3.amazonaws.com/style/makeup_star_freckles.jpg;1
artistic_makeup;Maquillage Artistique et Effets de Peau;20 maquillages créatifs, fantasy et spéciaux;Scarred and stitched skin;g;makeup_scarred_stitches;Makeup style featuring scarred skin and stitched effects;While keeping exactly the same facial features, make it with scarred skin and stitched effects.;https://leeveostockage.s3.eu-west-3.amazonaws.com/style/makeup_scarred_stitches.jpg;1
artistic_makeup;Maquillage Artistique et Effets de Peau;20 maquillages créatifs, fantasy et spéciaux;Cybernetic glowing tattoos;g;makeup_cyber_tattoos;Makeup style featuring glowing cybernetic tattoos on face;While keeping exactly the same facial features, make it with glowing cybernetic tattoos on face.;https://leeveostockage.s3.eu-west-3.amazonaws.com/style/makeup_cyber_tattoos.jpg;1
artistic_makeup;Maquillage Artistique et Effets de Peau;20 maquillages créatifs, fantasy et spéciaux;Cracked lava skin with glowing lines;g;makeup_lava_cracks;Makeup style featuring cracked lava texture and glowing lines;While keeping exactly the same facial features, make it with cracked lava texture and glowing lines.;https://leeveostockage.s3.eu-west-3.amazonaws.com/style/makeup_lava_cracks.jpg;1
artistic_makeup;Maquillage Artistique et Effets de Peau;20 maquillages créatifs, fantasy et spéciaux;Frostbite and icy eyebrows;g;makeup_frostbite_ice;Makeup style featuring frostbite makeup and icy eyebrows;While keeping exactly the same facial features, make it with frostbite makeup and icy eyebrows.;https://leeveostockage.s3.eu-west-3.amazonaws.com/style/makeup_frostbite_ice.jpg;1
artistic_makeup;Maquillage Artistique et Effets de Peau;20 maquillages créatifs, fantasy et spéciaux;Pastel clown makeup with hearts;g;makeup_pastel_clown;Makeup style featuring pastel clown makeup and heart-shaped blush;While keeping exactly the same facial features, make it with pastel clown makeup and heart-shaped blush.;https://leeveostockage.s3.eu-west-3.amazonaws.com/style/makeup_pastel_clown.jpg;1
artistic_makeup;Maquillage Artistique et Effets de Peau;20 maquillages créatifs, fantasy et spéciaux;Vampire pale skin and gothic makeup;g;makeup_vampire_goth;Makeup style featuring vampire-inspired makeup and pale cold skin;While keeping exactly the same facial features, make it with vampire-inspired makeup and pale cold skin.;https://leeveostockage.s3.eu-west-3.amazonaws.com/style/makeup_vampire_goth.jpg;1
artistic_makeup;Maquillage Artistique et Effets de Peau;20 maquillages créatifs, fantasy et spéciaux;Tribal red markings;g;makeup_tribal_red;Makeup style featuring tribal red markings and white face paint;While keeping exactly the same facial features, make it with tribal red markings and white face paint.;https://leeveostockage.s3.eu-west-3.amazonaws.com/style/makeup_tribal_red.jpg;1
artistic_makeup;Maquillage Artistique et Effets de Peau;20 maquillages créatifs, fantasy et spéciaux;Underwater makeup with pearls;g;makeup_underwater_pearls;Makeup style featuring underwater makeup and pearl accents;While keeping exactly the same facial features, make it with underwater makeup and pearl accents.;https://leeveostockage.s3.eu-west-3.amazonaws.com/style/makeup_underwater_pearls.jpg;1
artistic_makeup;Maquillage Artistique et Effets de Peau;20 maquillages créatifs, fantasy et spéciaux;Half-robot face;g;makeup_half_robot;Makeup style featuring half-robot face and chrome effects;While keeping exactly the same facial features, make it with half-robot face and chrome effects.;https://leeveostockage.s3.eu-west-3.amazonaws.com/style/makeup_half_robot.jpg;1
artistic_makeup;Maquillage Artistique et Effets de Peau;20 maquillages créatifs, fantasy et spéciaux;Shadow makeup with moon symbol;g;makeup_shadow_moon;Makeup style featuring shadow makeup and crescent moon on forehead;While keeping exactly the same facial features, make it with shadow makeup and crescent moon on forehead.;https://leeveostockage.s3.eu-west-3.amazonaws.com/style/makeup_shadow_moon.jpg;1
hairstyles;Collection Coupes de Cheveux;20 styles capillaires combinant coupe et couleur;Cheveux longs lisses honey blonde;g;long_straight_honey_blonde;Cheveux longs lisses, couleur honey blonde;Make the hair long, straight, and honey blonde.;https://leeveostockage.s3.eu-west-3.amazonaws.com/style/long_straight_honey_blonde.jpg;1
hairstyles;Collection Coupes de Cheveux;20 styles capillaires combinant coupe et couleur;Carré court chestnut brown;g;short_bob_chestnut_brown;Carré court, couleur chestnut brown;Make the hair short bob cut, and chestnut brown.;https://leeveostockage.s3.eu-west-3.amazonaws.com/style/short_bob_chestnut_brown.jpg;1
hairstyles;Collection Coupes de Cheveux;20 styles capillaires combinant coupe et couleur;Boucles naturelles dark auburn;g;natural_curls_dark_auburn;Boucles naturelles, couleur dark auburn;Make the hair medium-length with natural curls, and dark auburn.;https://leeveostockage.s3.eu-west-3.amazonaws.com/style/natural_curls_dark_auburn.jpg;1
hairstyles;Collection Coupes de Cheveux;20 styles capillaires combinant coupe et couleur;Coupe pixie platinum blonde;g;pixie_cut_platinum_blonde;Coupe pixie, couleur platinum blonde;Make the hair pixie cut, and platinum blonde.;https://leeveostockage.s3.eu-west-3.amazonaws.com/style/pixie_cut_platinum_blonde.jpg;1
hairstyles;Collection Coupes de Cheveux;20 styles capillaires combinant coupe et couleur;Cheveux ondulés caramel brown;g;wavy_hair_caramel_brown;Cheveux ondulés, couleur caramel brown;Make the hair wavy and shoulder-length, and caramel brown.;https://leeveostockage.s3.eu-west-3.amazonaws.com/style/wavy_hair_caramel_brown.jpg;1
hairstyles;Collection Coupes de Cheveux;20 styles capillaires combinant coupe et couleur;Afro volumineux jet black;g;afro_hair_jet_black;Afro volumineux, couleur jet black;Make the hair voluminous afro, and jet black.;https://leeveostockage.s3.eu-west-3.amazonaws.com/style/afro_hair_jet_black.jpg;1
hairstyles;Collection Coupes de Cheveux;20 styles capillaires combinant coupe et couleur;Cheveux lisses avec frange ash blonde;g;straight_with_bangs_ash_blonde;Cheveux lisses avec frange, couleur ash blonde;Make the hair straight with blunt bangs, and ash blonde.;https://leeveostockage.s3.eu-west-3.amazonaws.com/style/straight_with_bangs_ash_blonde.jpg;1
hairstyles;Collection Coupes de Cheveux;20 styles capillaires combinant coupe et couleur;Chignon haut dark brown;g;high_bun_dark_brown;Chignon haut, couleur dark brown;Make the hair sleek high bun, and dark brown.;https://leeveostockage.s3.eu-west-3.amazonaws.com/style/high_bun_dark_brown.jpg;1
hairstyles;Collection Coupes de Cheveux;20 styles capillaires combinant coupe et couleur;Dreadlocks longues copper red;g;long_dreadlocks_copper_red;Dreadlocks longues, couleur copper red;Make the hair long thick dreadlocks, and copper red.;https://leeveostockage.s3.eu-west-3.amazonaws.com/style/long_dreadlocks_copper_red.jpg;1
hairstyles;Collection Coupes de Cheveux;20 styles capillaires combinant coupe et couleur;Coupe courte homme silver grey;g;short_mens_cut_silver_grey;Coupe courte homme, couleur silver grey;Make the hair short classic men's cut, and silver grey.;https://leeveostockage.s3.eu-west-3.amazonaws.com/style/short_mens_cut_silver_grey.jpg;1
hairstyles;Collection Coupes de Cheveux;20 styles capillaires combinant coupe et couleur;Cheveux mi-longs en dégradé sandy blonde;g;layered_medium_sandy_blonde;Cheveux mi-longs en dégradé, couleur sandy blonde;Make the hair medium-length with soft layers, and sandy blonde.;https://leeveostockage.s3.eu-west-3.amazonaws.com/style/layered_medium_sandy_blonde.jpg;1
hairstyles;Collection Coupes de Cheveux;20 styles capillaires combinant coupe et couleur;Tresses africaines dark burgundy;g;box_braids_dark_burgundy;Tresses africaines, couleur dark burgundy;Make the hair long box braids, and dark burgundy.;https://leeveostockage.s3.eu-west-3.amazonaws.com/style/box_braids_dark_burgundy.jpg;1
hairstyles;Collection Coupes de Cheveux;20 styles capillaires combinant coupe et couleur;Queue de cheval haute strawberry blonde;g;high_ponytail_strawberry_blonde;Queue de cheval haute, couleur strawberry blonde;Make the hair sleek high ponytail, and strawberry blonde.;https://leeveostockage.s3.eu-west-3.amazonaws.com/style/high_ponytail_strawberry_blonde.jpg;1
hairstyles;Collection Coupes de Cheveux;20 styles capillaires combinant coupe et couleur;Cheveux crêpés reddish brown;g;frizzy_hair_reddish_brown;Cheveux crêpés, couleur reddish brown;Make the hair frizzy and voluminous, and reddish brown.;https://leeveostockage.s3.eu-west-3.amazonaws.com/style/frizzy_hair_reddish_brown.jpg;1
hairstyles;Collection Coupes de Cheveux;20 styles capillaires combinant coupe et couleur;Coupe mulet golden copper;g;mullet_cut_golden_copper;Coupe mulet, couleur golden copper;Make the hair retro mullet cut, and golden copper.;https://leeveostockage.s3.eu-west-3.amazonaws.com/style/mullet_cut_golden_copper.jpg;1
hairstyles;Collection Coupes de Cheveux;20 styles capillaires combinant coupe et couleur;Dégradé homme light brown;g;fade_cut_light_brown;Dégradé homme, couleur light brown;Make the hair clean fade cut, and light brown.;https://leeveostockage.s3.eu-west-3.amazonaws.com/style/fade_cut_light_brown.jpg;1
hairstyles;Collection Coupes de Cheveux;20 styles capillaires combinant coupe et couleur;Chignon flou bas light ash blonde;g;messy_low_bun_light_ash_blonde;Chignon flou bas, couleur light ash blonde;Make the hair messy low bun, and light ash blonde.;https://leeveostockage.s3.eu-west-3.amazonaws.com/style/messy_low_bun_light_ash_blonde.jpg;1
hairstyles;Collection Coupes de Cheveux;20 styles capillaires combinant coupe et couleur;Coiffure rétro années 60 champagne blonde;g;retro_60s_champagne_blonde;Coiffure rétro années 60, couleur champagne blonde;Make the hair voluminous 60s retro updo, and champagne blonde.;https://leeveostockage.s3.eu-west-3.amazonaws.com/style/retro_60s_champagne_blonde.jpg;1
hairstyles;Collection Coupes de Cheveux;20 styles capillaires combinant coupe et couleur;Buzz cut light grey;g;buzz_cut_light_grey;Buzz cut, couleur light grey;Make the hair very short buzz cut, and light grey.;https://leeveostockage.s3.eu-west-3.amazonaws.com/style/buzz_cut_light_grey.jpg;1
hairstyles;Collection Coupes de Cheveux;20 styles capillaires combinant coupe et couleur;Shag effilé copper blonde;g;shag_cut_copper_blonde;Shag effilé, couleur copper blonde;Make the hair messy shag cut with layers and texture, and copper blonde.;https://leeveostockage.s3.eu-west-3.amazonaws.com/style/shag_cut_copper_blonde.jpg;1
hairstyles;Collection Coupes de Cheveux;20 styles capillaires combinant coupe et couleur;French twist glossy brunette;g;french_twist_glossy_brunette;French twist, couleur glossy brunette;Make the hair classic French twist, and glossy brunette.;https://leeveostockage.s3.eu-west-3.amazonaws.com/style/french_twist_glossy_brunette.jpg;1
hairstyles;Collection Coupes de Cheveux;20 styles capillaires combinant coupe et couleur;Coupe loup icy lavender;g;wolf_cut_icy_lavender;Coupe loup, couleur icy lavender;Make the hair modern wolf cut with layered volume, and icy lavender.;https://leeveostockage.s3.eu-west-3.amazonaws.com/style/wolf_cut_icy_lavender.jpg;1
hairstyles;Collection Coupes de Cheveux;20 styles capillaires combinant coupe et couleur;Tresses collées dark chocolate brown;g;cornrows_dark_chocolate_brown;Tresses collées, couleur dark chocolate brown;Make the hair neat cornrows, and dark chocolate brown.;https://leeveostockage.s3.eu-west-3.amazonaws.com/style/cornrows_dark_chocolate_brown.jpg;1
hairstyles;Collection Coupes de Cheveux;20 styles capillaires combinant coupe et couleur;Coupe émo black with purple highlights;g;emo_cut_black_with_purple_highlights;Coupe émo, couleur black with purple highlights;Make the hair emo cut with long side bangs, and black with purple highlights.;https://leeveostockage.s3.eu-west-3.amazonaws.com/style/emo_cut_black_with_purple_highlights.jpg;1
hairstyles;Collection Coupes de Cheveux;20 styles capillaires combinant coupe et couleur;Coiffure victorienne light chestnut;g;victorian_updo_light_chestnut;Coiffure victorienne, couleur light chestnut;Make the hair elegant Victorian updo with curls, and light chestnut.;https://leeveostockage.s3.eu-west-3.amazonaws.com/style/victorian_updo_light_chestnut.jpg;1
hairstyles;Collection Coupes de Cheveux;20 styles capillaires combinant coupe et couleur;Cheveux gaufrés pearl blonde;g;crimped_hair_pearl_blonde;Cheveux gaufrés, couleur pearl blonde;Make the hair long and crimped, and pearl blonde.;https://leeveostockage.s3.eu-west-3.amazonaws.com/style/crimped_hair_pearl_blonde.jpg;1
hairstyles;Collection Coupes de Cheveux;20 styles capillaires combinant coupe et couleur;Undercut stylisé silver blue;g;stylized_undercut_silver_blue;Undercut stylisé, couleur silver blue;Make the hair stylized undercut with volume on top, and silver blue.;https://leeveostockage.s3.eu-west-3.amazonaws.com/style/stylized_undercut_silver_blue.jpg;1
hairstyles;Collection Coupes de Cheveux;20 styles capillaires combinant coupe et couleur;Double chignons pastel pink;g;space_buns_pastel_pink;Double chignons, couleur pastel pink;Make the hair double space buns, and pastel pink.;https://leeveostockage.s3.eu-west-3.amazonaws.com/style/space_buns_pastel_pink.jpg;1
hairstyles;Collection Coupes de Cheveux;20 styles capillaires combinant coupe et couleur;Tresse en épi sun-kissed blonde;g;fishtail_braid_sun-kissed_blonde;Tresse en épi, couleur sun-kissed blonde;Make the hair long fishtail braid, and sun-kissed blonde.;https://leeveostockage.s3.eu-west-3.amazonaws.com/style/fishtail_braid_sun-kissed_blonde.jpg;1
hairstyles;Collection Coupes de Cheveux;20 styles capillaires combinant coupe et couleur;Bob plongeant warm mahogany;g;angled_bob_warm_mahogany;Bob plongeant, couleur warm mahogany;Make the hair angled bob cut, and warm mahogany.;https://leeveostockage.s3.eu-west-3.amazonaws.com/style/angled_bob_warm_mahogany.jpg;1
hairstyles;Collection Coupes de Cheveux;20 styles capillaires combinant coupe et couleur;Coiffure slick back dark espresso;g;slick_back_dark_espresso;Coiffure slick back, couleur dark espresso;Make the hair slicked back neatly, and dark espresso.;https://leeveostockage.s3.eu-west-3.amazonaws.com/style/slick_back_dark_espresso.jpg;1
hairstyles;Collection Coupes de Cheveux;20 styles capillaires combinant coupe et couleur;Wet look sand blonde;g;wet_look_sand_blonde;Wet look, couleur sand blonde;Make the hair styled in a wet look, and sand blonde.;https://leeveostockage.s3.eu-west-3.amazonaws.com/style/wet_look_sand_blonde.jpg;1
hairstyles;Collection Coupes de Cheveux;20 styles capillaires combinant coupe et couleur;Tonsure moderne dark ash;g;modern_shave_dark_ash;Tonsure moderne, couleur dark ash;Make the hair shaved with geometric patterns, and dark ash.;https://leeveostockage.s3.eu-west-3.amazonaws.com/style/modern_shave_dark_ash.jpg;1
hairstyles;Collection Coupes de Cheveux;20 styles capillaires combinant coupe et couleur;Chignon tressé cinnamon brown;g;braided_bun_cinnamon_brown;Chignon tressé, couleur cinnamon brown;Make the hair braided bun, and cinnamon brown.;https://leeveostockage.s3.eu-west-3.amazonaws.com/style/braided_bun_cinnamon_brown.jpg;1
hairstyles;Collection Coupes de Cheveux;20 styles capillaires combinant coupe et couleur;Pompadour féminin auburn red;g;female_pompadour_auburn_red;Pompadour féminin, couleur auburn red;Make the hair voluminous pompadour, and auburn red.;https://leeveostockage.s3.eu-west-3.amazonaws.com/style/female_pompadour_auburn_red.jpg;1
hairstyles;Collection Coupes de Cheveux;20 styles capillaires combinant coupe et couleur;Cheveux mi-attachés light golden blonde;g;half_up_light_golden_blonde;Cheveux mi-attachés, couleur light golden blonde;Make the hair styled half-up with loose strands, and light golden blonde.;https://leeveostockage.s3.eu-west-3.amazonaws.com/style/half_up_light_golden_blonde.jpg;1
hairstyles;Collection Coupes de Cheveux;20 styles capillaires combinant coupe et couleur;Queue basse graphite black;g;low_ponytail_graphite_black;Queue basse, couleur graphite black;Make the hair low ponytail with middle part, and graphite black.;https://leeveostockage.s3.eu-west-3.amazonaws.com/style/low_ponytail_graphite_black.jpg;1
hairstyles;Collection Coupes de Cheveux;20 styles capillaires combinant coupe et couleur;Tresses bohèmes warm honey;g;boho_braids_warm_honey;Tresses bohèmes, couleur warm honey;Make the hair boho braids with natural accessories, and warm honey.;https://leeveostockage.s3.eu-west-3.amazonaws.com/style/boho_braids_warm_honey.jpg;1
hairstyles;Collection Coupes de Cheveux;20 styles capillaires combinant coupe et couleur;Volume années 80 fiery red;g;retro_80s_fiery_red;Volume années 80, couleur fiery red;Make the hair styled with 80s volume, and fiery red.;https://leeveostockage.s3.eu-west-3.amazonaws.com/style/retro_80s_fiery_red.jpg;1
zombie_faces;Collection Visages Zombies;20 variations de visages zombies effrayants;Zombie Effrayant 1;g;creepy_zombie_1;Visage zombie effrayant et horrifique;Make each face a decayed zombie with hollow eyes and peeling skin.;https://leeveostockage.s3.eu-west-3.amazonaws.com/style/creepy_zombie_1.jpg;1
zombie_faces;Collection Visages Zombies;20 variations de visages zombies effrayants;Zombie Effrayant 2;g;creepy_zombie_2;Visage zombie effrayant et horrifique;Make each face a creepy undead creature .;https://leeveostockage.s3.eu-west-3.amazonaws.com/style/creepy_zombie_2.jpg;1
zombie_faces;Collection Visages Zombies;20 variations de visages zombies effrayants;Zombie Effrayant 3;g;creepy_zombie_3;Visage zombie effrayant et horrifique;Make each face a grotesque zombie with exposed bone .;https://leeveostockage.s3.eu-west-3.amazonaws.com/style/creepy_zombie_3.jpg;1
zombie_faces;Collection Visages Zombies;20 variations de visages zombies effrayants;Zombie Effrayant 4;g;creepy_zombie_4;Visage zombie effrayant et horrifique;Make each face a terrifying infected zombie with yellow and creepy teeth.;https://leeveostockage.s3.eu-west-3.amazonaws.com/style/creepy_zombie_4.jpg;1
zombie_faces;Collection Visages Zombies;20 variations de visages zombies effrayants;Zombie Effrayant 5;g;creepy_zombie_5;Visage zombie effrayant et horrifique;Make each face a nightmarish zombie with sunken eyes and greenish skin.;https://leeveostockage.s3.eu-west-3.amazonaws.com/style/creepy_zombie_5.jpg;1
background_environments;Collection Arrière-plans;10 environnements variés pour les arrière-plans;Fond : Montagnes enneigées;g;background_snowy_mountains;Fond avec a snowy mountain landscape;Make the background a snowy mountain landscape.;https://leeveostockage.s3.eu-west-3.amazonaws.com/style/background_snowy_mountains.jpg;1
background_environments;Collection Arrière-plans;10 environnements variés pour les arrière-plans;Fond : Forêt luxuriante;g;background_green_forest;Fond avec a lush green forest;Make the background a lush green forest.;https://leeveostockage.s3.eu-west-3.amazonaws.com/style/background_green_forest.jpg;1
background_environments;Collection Arrière-plans;10 environnements variés pour les arrière-plans;Fond : Ville futuriste de nuit;g;background_futuristic_city_night;Fond avec a futuristic city at night;Make the background a futuristic city at night.;https://leeveostockage.s3.eu-west-3.amazonaws.com/style/background_futuristic_city_night.jpg;1
background_environments;Collection Arrière-plans;10 environnements variés pour les arrière-plans;Fond : Château de conte de fées;g;background_fairy_tale_castle;Fond avec a magical fairy tale castle;Make the background a magical fairy tale castle.;https://leeveostockage.s3.eu-west-3.amazonaws.com/style/background_fairy_tale_castle.jpg;1
background_environments;Collection Arrière-plans;10 environnements variés pour les arrière-plans;Fond : Plage tropicale;g;background_tropical_beach;Fond avec a tropical beach with palm trees;Make the background a tropical beach with palm trees.;https://leeveostockage.s3.eu-west-3.amazonaws.com/style/background_tropical_beach.jpg;1
background_environments;Collection Arrière-plans;10 environnements variés pour les arrière-plans;Fond : Terre post-apocalyptique;g;background_post_apocalyptic;Fond avec a post-apocalyptic wasteland;Make the background a post-apocalyptic wasteland.;https://leeveostockage.s3.eu-west-3.amazonaws.com/style/background_post_apocalyptic.jpg;1
background_environments;Collection Arrière-plans;10 environnements variés pour les arrière-plans;Fond : Scène sous-marine;g;background_underwater_scene;Fond avec an underwater ocean scene;Make the background an underwater ocean scene.;https://leeveostockage.s3.eu-west-3.amazonaws.com/style/background_underwater_scene.jpg;1
background_environments;Collection Arrière-plans;10 environnements variés pour les arrière-plans;Fond : Galaxie colorée;g;background_colorful_galaxy;Fond avec a colorful galaxy with stars;Make the background a colorful galaxy with stars.;https://leeveostockage.s3.eu-west-3.amazonaws.com/style/background_colorful_galaxy.jpg;1
background_environments;Collection Arrière-plans;10 environnements variés pour les arrière-plans;Fond : Village médiéval;g;background_medieval_village;Fond avec a medieval village;Make the background a medieval village.;https://leeveostockage.s3.eu-west-3.amazonaws.com/style/background_medieval_village.jpg;1
background_environments;Collection Arrière-plans;10 environnements variés pour les arrière-plans;Fond : Jardin zen japonais;g;background_zen_garden;Fond avec a Japanese zen garden;Make the background a Japanese zen garden.;https://leeveostockage.s3.eu-west-3.amazonaws.com/style/background_zen_garden.jpg;1
halloween-extreme-facial-expressions;Expressions Extrêmes;Série de transformations avec des expressions faciales exagérées (peur, joie, tristesse, grimaces), tout en conservant chaque visage identifiable;Panique Totale;g;extreme_fear;Groupe en pleine terreur, dans une scène de manoir hanté;Use the attached image as accurate reference for every face. Preserve the full identity and facial structure of each person. Apply an exaggerated fear expression: wide eyes, raised eyebrows, open mouths mid-scream, clenched jaws, or frozen stares. Dress the group in casual or Halloween-themed clothes with sweat, dust, or torn fabric details. Set the scene inside a haunted mansion hallway with flickering lights, floating shadows, and eerie fog. Maintain original composition and spacing. Lighting should emphasize facial contours and expression intensity. Photorealistic rendering required—faces must remain perfectly identifiable despite emotional exaggeration.;https://leeveostockage.s3.eu-west-3.amazonaws.com/style/expression_fear.jpg;
halloween-extreme-facial-expressions;Expressions Extrêmes;Série de transformations avec des expressions faciales exagérées (peur, joie, tristesse, grimaces), tout en conservant chaque visage identifiable;Silly Squad;g;silly_expression_group;Groupe aux grimaces absurdes et costumes décalés dans une foire nocturne;Use the attached image as accurate reference for every face. Keep full identity and anatomical accuracy for all individuals. Exaggerate facial expressions into ridiculous poses: puffed cheeks, tongue out, cross-eyed, one eyebrow raised comically. Dress each person in mismatched, colorful costumes (mix of clowns, food, animals). Background: a festive night carnival with colorful tents, popcorn stands, and blinking lights. Maintain consistent composition and character spacing. Use vivid lighting and strong color contrast while ensuring each face is clearly recognizable under the exaggerated expression.;https://leeveostockage.s3.eu-west-3.amazonaws.com/style/expression_silly.jpg;
halloween-extreme-facial-expressions;Expressions Extrêmes;Série de transformations avec des expressions faciales exagérées (peur, joie, tristesse, grimaces), tout en conservant chaque visage identifiable;Joie Délirante;g;extreme_joy;Groupe euphorique dans un décor de fête magique;Use the attached image as accurate reference for every face. Keep all facial features and proportions intact. Amplify expressions of extreme joy: huge open smiles, eyes squinting with laughter, raised cheeks, hands in motion. Dress everyone in glowing party-themed attire with sparkles, fun accessories like hats or glowing glasses. Set the scene in a glowing garden party with string lights, floating lanterns, and fireworks in the sky. Preserve the identity of each individual, and maintain original pose and grouping. Use soft lighting and bokeh effects to support the festive atmosphere while emphasizing realistic facial detail.;https://leeveostockage.s3.eu-west-3.amazonaws.com/style/expression_joy.jpg;
clothing_styles;Collection Styles Vestimentaires;20 styles de vêtements à appliquer sur les portraits;Tenue Victorian;g;clothing_victorian;Style vestimentaire victorian;While keeping exactly the same facial features, make it with victorian clothes.;https://leeveostockage.s3.eu-west-3.amazonaws.com/style/clothing_victorian.jpg;1
clothing_styles;Collection Styles Vestimentaires;20 styles de vêtements à appliquer sur les portraits;Tenue Cyberpunk;g;clothing_cyberpunk;Style vestimentaire cyberpunk;While keeping exactly the same facial features, make it with cyberpunk clothes.;https://leeveostockage.s3.eu-west-3.amazonaws.com/style/clothing_cyberpunk.jpg;1
clothing_styles;Collection Styles Vestimentaires;20 styles de vêtements à appliquer sur les portraits;Tenue Medieval;g;clothing_medieval;Style vestimentaire medieval;While keeping exactly the same facial features, make it with medieval clothes.;https://leeveostockage.s3.eu-west-3.amazonaws.com/style/clothing_medieval.jpg;1
clothing_styles;Collection Styles Vestimentaires;20 styles de vêtements à appliquer sur les portraits;Tenue Futuristic armor;g;clothing_futuristic_armor;Style vestimentaire futuristic armor;While keeping exactly the same facial features, make it with futuristic armor clothes.;https://leeveostockage.s3.eu-west-3.amazonaws.com/style/clothing_futuristic_armor.jpg;1
clothing_styles;Collection Styles Vestimentaires;20 styles de vêtements à appliquer sur les portraits;Tenue Steampunk;g;clothing_steampunk;Style vestimentaire steampunk;While keeping exactly the same facial features, make it with steampunk clothes.;https://leeveostockage.s3.eu-west-3.amazonaws.com/style/clothing_steampunk.jpg;1
clothing_styles;Collection Styles Vestimentaires;20 styles de vêtements à appliquer sur les portraits;Tenue Samurai;g;clothing_samurai;Style vestimentaire samurai;While keeping exactly the same facial features, make it with samurai clothes.;https://leeveostockage.s3.eu-west-3.amazonaws.com/style/clothing_samurai.jpg;1
clothing_styles;Collection Styles Vestimentaires;20 styles de vêtements à appliquer sur les portraits;Tenue Ancient Egyptian;g;clothing_ancient_egyptian;Style vestimentaire ancient egyptian;While keeping exactly the same facial features, make it with ancient egyptian clothes.;https://leeveostockage.s3.eu-west-3.amazonaws.com/style/clothing_ancient_egyptian.jpg;1
clothing_styles;Collection Styles Vestimentaires;20 styles de vêtements à appliquer sur les portraits;Tenue Gothic;g;clothing_gothic;Style vestimentaire gothic;While keeping exactly the same facial features, make it with gothic clothes.;https://leeveostockage.s3.eu-west-3.amazonaws.com/style/clothing_gothic.jpg;1
clothing_styles;Collection Styles Vestimentaires;20 styles de vêtements à appliquer sur les portraits;Tenue Modern business;g;clothing_modern_business;Style vestimentaire modern business;While keeping exactly the same facial features, make it with modern business clothes.;https://leeveostockage.s3.eu-west-3.amazonaws.com/style/clothing_modern_business.jpg;1
clothing_styles;Collection Styles Vestimentaires;20 styles de vêtements à appliquer sur les portraits;Tenue Renaissance;g;clothing_renaissance;Style vestimentaire renaissance;While keeping exactly the same facial features, make it with renaissance clothes.;https://leeveostockage.s3.eu-west-3.amazonaws.com/style/clothing_renaissance.jpg;1
clothing_styles;Collection Styles Vestimentaires;20 styles de vêtements à appliquer sur les portraits;Tenue Casual streetwear;g;clothing_streetwear;Style vestimentaire casual streetwear;While keeping exactly the same facial features, make it with casual streetwear clothes.;https://leeveostockage.s3.eu-west-3.amazonaws.com/style/clothing_streetwear.jpg;1
clothing_styles;Collection Styles Vestimentaires;20 styles de vêtements à appliquer sur les portraits;Tenue 80s retro;g;clothing_retro_80s;Style vestimentaire 80s retro;While keeping exactly the same facial features, make it with 80s retro clothes.;https://leeveostockage.s3.eu-west-3.amazonaws.com/style/clothing_retro_80s.jpg;1
clothing_styles;Collection Styles Vestimentaires;20 styles de vêtements à appliquer sur les portraits;Tenue Pirate;g;clothing_pirate;Style vestimentaire pirate;While keeping exactly the same facial features, make it with pirate clothes.;https://leeveostockage.s3.eu-west-3.amazonaws.com/style/clothing_pirate.jpg;1
clothing_styles;Collection Styles Vestimentaires;20 styles de vêtements à appliquer sur les portraits;Tenue Military uniform;g;clothing_military_uniform;Style vestimentaire military uniform;While keeping exactly the same facial features, make it with military uniform clothes.;https://leeveostockage.s3.eu-west-3.amazonaws.com/style/clothing_military_uniform.jpg;1
clothing_styles;Collection Styles Vestimentaires;20 styles de vêtements à appliquer sur les portraits;Tenue Traditional Indian;g;clothing_traditional_indian;Style vestimentaire traditional indian;While keeping exactly the same facial features, make it with traditional indian clothes.;https://leeveostockage.s3.eu-west-3.amazonaws.com/style/clothing_traditional_indian.jpg;1
clothing_styles;Collection Styles Vestimentaires;20 styles de vêtements à appliquer sur les portraits;Tenue Cowboy;g;clothing_cowboy;Style vestimentaire cowboy;While keeping exactly the same facial features, make it with cowboy clothes.;https://leeveostockage.s3.eu-west-3.amazonaws.com/style/clothing_cowboy.jpg;1
clothing_styles;Collection Styles Vestimentaires;20 styles de vêtements à appliquer sur les portraits;Tenue Korean hanbok;g;clothing_hanbok;Style vestimentaire korean hanbok;While keeping exactly the same facial features, make it with korean hanbok clothes.;https://leeveostockage.s3.eu-west-3.amazonaws.com/style/clothing_hanbok.jpg;1
clothing_styles;Collection Styles Vestimentaires;20 styles de vêtements à appliquer sur les portraits;Tenue Traditional Chinese;g;clothing_chinese_traditional;Style vestimentaire traditional chinese;While keeping exactly the same facial features, make it with traditional chinese clothes.;https://leeveostockage.s3.eu-west-3.amazonaws.com/style/clothing_chinese_traditional.jpg;1
clothing_styles;Collection Styles Vestimentaires;20 styles de vêtements à appliquer sur les portraits;Tenue High fashion runway;g;clothing_high_fashion;Style vestimentaire high fashion runway;While keeping exactly the same facial features, make it with high fashion runway clothes.;https://leeveostockage.s3.eu-west-3.amazonaws.com/style/clothing_high_fashion.jpg;1
clothing_styles;Collection Styles Vestimentaires;20 styles de vêtements à appliquer sur les portraits;Tenue Fantasy mage robe;g;clothing_fantasy_mage;Style vestimentaire fantasy mage robe;While keeping exactly the same facial features, make it with fantasy mage robe clothes.;https://leeveostockage.s3.eu-west-3.amazonaws.com/style/clothing_fantasy_mage.jpg;1
cartoon;Collection Cartoon;Styles de dessins animés;Cartoon 90s;g;90s_cartoon;Style de dessin animé des années 90;Make this a 90s cartoon character with bold outlines and vibrant colors;https://leeveostockage.s3.eu-west-3.amazonaws.com/style/90s-cartoon.jpg;1
cartoon;Collection Cartoon;Styles de dessins animés;Anime;g;anime;Style anime japonais;Transform this portrait into a Japanese anime character with large expressive eyes and stylized features;https://leeveostockage.s3.eu-west-3.amazonaws.com/style/anime.jpg;1
cartoon;Collection Cartoon;Styles de dessins animés;DreamWorks;g;dreamworks;Style DreamWorks avec traits exagérés;Transform this portrait into a stylized DreamWorks animation character, with exaggerated features and a bold personality.;https://leeveostockage.s3.eu-west-3.amazonaws.com/style/dreamworks.jpg;1
cartoon;Collection Cartoon;Styles de dessins animés;Cartoon Samedi Matin;g;saturday_morning;Style cartoon des années 90;Transform this portrait into a 90s Saturday morning cartoon style, with bright colors and simplified outlines.;https://leeveostockage.s3.eu-west-3.amazonaws.com/style/saturday_morning.jpg;1
cartoon;Collection Cartoon;Styles de dessins animés;Looney Tunes;g;looney_tunes;Style Looney Tunes vintage;Transform this portrait into a vintage Looney Tunes character with expressive cartoon physics and retro charm.;https://leeveostockage.s3.eu-west-3.amazonaws.com/style/looney_tunes.jpg;1
cartoon;Collection Cartoon;Styles de dessins animés;Anime Japonais;g;japanese_anime;Style anime avec grands yeux;Transform this portrait into a Japanese anime character with big sparkling eyes, fine lines, and dynamic hair.;https://leeveostockage.s3.eu-west-3.amazonaws.com/style/japanese_anime.jpg;1
cartoon;Collection Cartoon;Styles de dessins animés;Studio Ghibli;g;studio_ghibli;Style Studio Ghibli avec arrière-plans aquarelle;Transform this portrait into a Studio Ghibli-style character with soft watercolor backgrounds and gentle expressions.;https://leeveostockage.s3.eu-west-3.amazonaws.com/style/studio_ghibli.jpg;1
cartoon;Collection Cartoon;Styles de dessins animés;Tim Burton;g;tim_burton;Style Tim Burton avec traits gothiques;Transform this portrait into a Tim Burton-style cartoon character with gothic features and whimsical darkness.;https://leeveostockage.s3.eu-west-3.amazonaws.com/style/tim_burton.jpg;1
cartoon;Collection Cartoon;Styles de dessins animés;LEGO Minifigure;g;lego_minifigure;Style LEGO avec formes blocky;Transform this portrait into a LEGO minifigure-style cartoon with blocky shapes and bright plastic textures.;https://leeveostockage.s3.eu-west-3.amazonaws.com/style/lego_minifigure.jpg;1
cartoon;Collection Cartoon;Styles de dessins animés;Les Simpsons;g;simpsons;Style Simpsons avec peau jaune;Transform this portrait into a Simpsons-style cartoon character with yellow skin and thick black outlines.;https://leeveostockage.s3.eu-west-3.amazonaws.com/style/simpsons.jpg;1
cartoon;Collection Cartoon;Styles de dessins animés;South Park;g;south_park;Style South Park avec traits plats 2D;Transform this portrait into a South Park-style cutout character with flat 2D features and simple geometry.;https://leeveostockage.s3.eu-west-3.amazonaws.com/style/south_park.jpg;1
cartoon;Collection Cartoon;Styles de dessins animés;Super-héros BD;g;comic_book_superhero;Style super-héros de comics;Transform this portrait into a comic book superhero style with bold inking, dynamic shadows, and vibrant highlights.;https://leeveostockage.s3.eu-west-3.amazonaws.com/style/comic_book_superhero.jpg;1
cartoon;Collection Cartoon;Styles de dessins animés;Chibi;g;chibi;Style Chibi avec tête surdimensionnée;Transform this portrait into a Chibi-style character with tiny body, oversized head, and cute facial expressions.;https://leeveostockage.s3.eu-west-3.amazonaws.com/style/chibi.jpg;1
cartoon;Collection Cartoon;Styles de dessins animés;Cartoon Rétro 1930;g;retro_1930s;Style cartoon rétro années 30;Transform this portrait into a retro 1930s cartoon style, like early Mickey Mouse, with rubber hose limbs and grainy texture.;https://leeveostockage.s3.eu-west-3.amazonaws.com/style/retro_1930s.jpg;1
cartoon;Collection Cartoon;Styles de dessins animés;Webtoon Moderne;g;modern_webtoon;Style webtoon avec tons pastel;Transform this portrait into a modern webtoon-style illustration with pastel tones and clean digital brushwork.;https://leeveostockage.s3.eu-west-3.amazonaws.com/style/modern_webtoon.jpg;1
cartoon;Collection Cartoon;Styles de dessins animés;Personnage de Jeu Mobile;g;mobile_game;Style personnage de jeu mobile 2D;Transform this portrait into a stylized 2D mobile game character, optimized for minimal lines and colorful impact.;https://leeveostockage.s3.eu-west-3.amazonaws.com/style/mobile_game.jpg;1
cartoon;Collection Cartoon;Styles de dessins animés;Caricature;g;caricature;Style caricature avec traits exagérés;Transform this portrait into a caricature-style cartoon with comically exaggerated facial features.;https://leeveostockage.s3.eu-west-3.amazonaws.com/style/caricature.jpg;1
cartoon;Collection Cartoon;Styles de dessins animés;Peanuts;g;peanuts;Style Peanuts avec yeux en points;Transform this portrait into a Peanuts-style character, with dot eyes, minimalist lines, and gentle charm.;https://leeveostockage.s3.eu-west-3.amazonaws.com/style/peanuts.jpg;1
cartoon;Collection Cartoon;Styles de dessins animés;Gravity Falls;g;gravity_falls;Style Gravity Falls avec proportions originales;Transform this portrait into a 'Gravity Falls' inspired cartoon, with quirky proportions and mysterious vibes.;https://leeveostockage.s3.eu-west-3.amazonaws.com/style/gravity_falls.jpg;1
digital;Collection Digital Art;Styles d'art numérique et futuristes;Synthwave;g;synthwave;Style synthwave avec néons et ambiance 80s;Transform this portrait into a vibrant synthwave aesthetic with neon lights, grid landscapes, and 80s vibes.;https://leeveostockage.s3.eu-west-3.amazonaws.com/style/synthwave.jpg;1
digital;Collection Digital Art;Styles d'art numérique et futuristes;Retrowave;g;retrowave;Style retrowave avec teintes violet-rose;Transform this portrait into a retrowave style with purple-pink hues, glowing sunglasses, and vintage digital elements.;https://leeveostockage.s3.eu-west-3.amazonaws.com/style/retrowave.jpg;1
digital;Collection Digital Art;Styles d'art numérique et futuristes;Glitch Art;g;glitch_art;Style glitch avec pixels distordus;Transform this portrait into a glitch art style with distorted pixels, RGB color shifts, and digital noise.;https://leeveostockage.s3.eu-west-3.amazonaws.com/style/glitch_art_digital.jpg;1
digital;Collection Digital Art;Styles d'art numérique et futuristes;Cyberpunk;g;cyberpunk;Style cyberpunk avec implants technologiques;Transform this portrait into a cyberpunk aesthetic with futuristic tech implants, neon signs, and a rainy cityscape.;https://leeveostockage.s3.eu-west-3.amazonaws.com/style/cyberpunk.jpg;1
digital;Collection Digital Art;Styles d'art numérique et futuristes;Low Poly;g;low_poly;Rendu 3D low poly avec surfaces facettées;Transform this portrait into a low poly 3D render with faceted surfaces and abstract geometric shapes.;https://leeveostockage.s3.eu-west-3.amazonaws.com/style/low_poly.jpg;1
digital;Collection Digital Art;Styles d'art numérique et futuristes;Vaporwave;g;vaporwave;Style vaporwave avec dégradés pastel;Transform this portrait into a vaporwave aesthetic with pastel gradients, classical busts, and nostalgic internet motifs.;https://leeveostockage.s3.eu-west-3.amazonaws.com/style/vaporwave.jpg;1
digital;Collection Digital Art;Styles d'art numérique et futuristes;Pixel Art;g;pixel_art;Style pixel art avec ombrage 8-bit;Transform this portrait into a pixel art style with 8-bit shading, retro game elements, and limited color palette.;https://leeveostockage.s3.eu-west-3.amazonaws.com/style/pixel_art.jpg;1
digital;Collection Digital Art;Styles d'art numérique et futuristes;Claymation;g;claymation;Style claymation avec textures sculptées;Transform this portrait into a claymation-style character with sculpted textures and stop-motion charm.;https://leeveostockage.s3.eu-west-3.amazonaws.com/style/claymation.jpg;1
digital;Collection Digital Art;Styles d'art numérique et futuristes;Y2K;g;y2k;Esthétique Y2K avec textures brillantes;Transform this portrait into a Y2K aesthetic with glossy textures, metallic accessories, and futuristic fashion.;https://leeveostockage.s3.eu-west-3.amazonaws.com/style/y2k.jpg;1
digital;Collection Digital Art;Styles d'art numérique et futuristes;Hyperpop;g;hyperpop;Rendu 3D Hyperpop avec éclairage coloré;Transform this portrait into a high-gloss 3D render in hyperpop style with exaggerated features and colorful lighting.;https://leeveostockage.s3.eu-west-3.amazonaws.com/style/hyperpop.jpg;1
digital;Collection Digital Art;Styles d'art numérique et futuristes;Holographique;g;holographic;Avatar holographique avec reflets iridescents;Transform this portrait into a holographic digital avatar with translucent layers and iridescent reflections.;https://leeveostockage.s3.eu-west-3.amazonaws.com/style/holographic.jpg;1
digital;Collection Digital Art;Styles d'art numérique et futuristes;Isométrique;g;isometric;Art numérique isométrique avec environnements miniatures;Transform this portrait into an isometric digital art style with detailed miniature environments and angled perspectives.;https://leeveostockage.s3.eu-west-3.amazonaws.com/style/isometric.jpg;1
digital;Collection Digital Art;Styles d'art numérique et futuristes;Art Génératif;g;generative;Style inspiré de l'art génératif avec formes algorithmiques;Transform this portrait into a generative art-inspired style with algorithmic shapes, patterns, and abstract data flows.;https://leeveostockage.s3.eu-west-3.amazonaws.com/style/generative.jpg;1
digital;Collection Digital Art;Styles d'art numérique et futuristes;ASCII Art;g;ascii;Style ASCII art avec caractères monochrome;Transform this portrait into an ASCII art style with monochrome characters forming the facial features.;https://leeveostockage.s3.eu-west-3.amazonaws.com/style/ascii.jpg;1
digital;Collection Digital Art;Styles d'art numérique et futuristes;Cel-Shading;g;cel_shading;Style 3D cel-shading avec contours marqués;Transform this portrait into a cel-shaded 3D game style with bold outlines and anime-like shading.;https://leeveostockage.s3.eu-west-3.amazonaws.com/style/cel_shading.jpg;1
digital;Collection Digital Art;Styles d'art numérique et futuristes;Influenceur Virtuel;g;virtual_influencer;Avatar d'influenceur virtuel photoréaliste;Transform this portrait into a photorealistic virtual influencer avatar with perfect skin and digital perfection.;https://leeveostockage.s3.eu-west-3.amazonaws.com/style/virtual_influencer.jpg;1
digital;Collection Digital Art;Styles d'art numérique et futuristes;Motion Graphic;g;motion_graphic;Image fixe de motion graphic avec dégradés fluides;Transform this portrait into a motion graphic still frame with smooth gradients, floating shapes, and kinetic typography.;https://leeveostockage.s3.eu-west-3.amazonaws.com/style/motion_graphic.jpg;1
digital;Collection Digital Art;Styles d'art numérique et futuristes;NFT Art;g;nft;Personnage de collection style NFT;Transform this portrait into an NFT-style collectible character with exaggerated uniqueness and stylized traits.;https://leeveostockage.s3.eu-west-3.amazonaws.com/style/nft.jpg;1
digital;Collection Digital Art;Styles d'art numérique et futuristes;UI Minimal;g;ui_minimal;Design inspiré UI avec couleurs plates;Transform this portrait into a minimal UI-inspired design with flat colors, rounded elements, and clean geometry.;https://leeveostockage.s3.eu-west-3.amazonaws.com/style/ui_minimal.jpg;1
digital;Collection Digital Art;Styles d'art numérique et futuristes;Interface Sci-fi;g;scifi_interface;Interface science-fiction générée par IA;Transform this portrait into an AI-generated sci-fi interface with layered HUD elements and synthetic overlays.;https://leeveostockage.s3.eu-west-3.amazonaws.com/style/scifi_interface.jpg;1
medieval;Collection Médiévale Fantastique;Styles inspirés des univers médiévaux fantastiques;Guerrier Elfe;g;elven_warrior;Style guerrier elfe avec armure argentée;Transform this portrait into an elven warrior with silver armor, glowing blue eyes, and a mystical forest background.;https://leeveostockage.s3.eu-west-3.amazonaws.com/style/elven_warrior.jpg;1
medieval;Collection Médiévale Fantastique;Styles inspirés des univers médiévaux fantastiques;Chevalier;g;battle_knight;Style chevalier en armure brillante;Transform this portrait into a battle-worn knight in shining armor, with a sword over the shoulder and stormy skies behind.;https://leeveostockage.s3.eu-west-3.amazonaws.com/style/battle_knight.jpg;1
medieval;Collection Médiévale Fantastique;Styles inspirés des univers médiévaux fantastiques;Sorcier Elfe;g;high_elf_sorcerer;Style sorcier elfe royal avec robes complexes;Transform this portrait into a royal high elf sorcerer with intricate robes, ancient runes, and a magical staff.;https://leeveostockage.s3.eu-west-3.amazonaws.com/style/high_elf_sorcerer.jpg;1
medieval;Collection Médiévale Fantastique;Styles inspirés des univers médiévaux fantastiques;Assassin Elfe Noir;g;dark_elf_assassin;Style assassin elfe noir avec cape à capuche;Transform this portrait into a dark elf assassin with a hooded cloak, dual daggers, and shadowy surroundings.;https://leeveostockage.s3.eu-west-3.amazonaws.com/style/dark_elf_assassin.jpg;1
medieval;Collection Médiévale Fantastique;Styles inspirés des univers médiévaux fantastiques;Forgeron Nain;g;dwarven_blacksmith;Style forgeron nain avec barbe tressée;Transform this portrait into a dwarven blacksmith with a braided beard, hammer in hand, and a forge in the background.;https://leeveostockage.s3.eu-west-3.amazonaws.com/style/dwarven_blacksmith.jpg;1
medieval;Collection Médiévale Fantastique;Styles inspirés des univers médiévaux fantastiques;Druide;g;forest_druid;Style druide de forêt enchantée;Transform this portrait into a druid from an enchanted forest, with animal companions and glowing plants around.;https://leeveostockage.s3.eu-west-3.amazonaws.com/style/forest_druid.jpg;1
medieval;Collection Médiévale Fantastique;Styles inspirés des univers médiévaux fantastiques;Chevaucheur de Dragon;g;dragon_rider;Style chevaucheur de dragon avec harnais en cuir;Transform this portrait into a dragon rider with a leather harness, wind-blown hair, and a fire-breathing dragon behind.;https://leeveostockage.s3.eu-west-3.amazonaws.com/style/dragon_rider.jpg;1
medieval;Collection Médiévale Fantastique;Styles inspirés des univers médiévaux fantastiques;Chevalier Mort-Vivant;g;undead_knight;Style chevalier mort-vivant maudit;Transform this portrait into a cursed undead knight with glowing red eyes, cracked armor, and a haunted battlefield.;https://leeveostockage.s3.eu-west-3.amazonaws.com/style/undead_knight.jpg;1
medieval;Collection Médiévale Fantastique;Styles inspirés des univers médiévaux fantastiques;Reine Médiévale;g;medieval_queen;Style reine médiévale avec couronne ornée;Transform this portrait into a medieval queen with a jeweled crown, rich fabrics, and candlelit stone halls.;https://leeveostockage.s3.eu-west-3.amazonaws.com/style/medieval_queen.jpg;1
medieval;Collection Médiévale Fantastique;Styles inspirés des univers médiévaux fantastiques;Barde de Taverne;g;tavern_bard;Style barde de taverne avec luth;Transform this portrait into a tavern bard with a lute, mischievous smile, and rustic fantasy inn ambiance.;https://leeveostockage.s3.eu-west-3.amazonaws.com/style/tavern_bard.jpg;1
medieval;Collection Médiévale Fantastique;Styles inspirés des univers médiévaux fantastiques;Nymphe des Bois;g;woodland_nymph;Style nymphe des bois avec accessoires floraux;Transform this portrait into a woodland nymph with floral accessories, glowing skin, and soft magical sparkles.;https://leeveostockage.s3.eu-west-3.amazonaws.com/style/woodland_nymph.jpg;1
medieval;Collection Médiévale Fantastique;Styles inspirés des univers médiévaux fantastiques;Guerrier Orc;g;orc_warrior;Style guerrier orc avec défenses;Transform this portrait into an orc warrior with tusks, heavy armor, and a war-torn battlefield in the background.;https://leeveostockage.s3.eu-west-3.amazonaws.com/style/orc_warrior.jpg;1
medieval;Collection Médiévale Fantastique;Styles inspirés des univers médiévaux fantastiques;Mage du Phénix;g;phoenix_mage;Style mage du phénix avec feu dans les yeux;Transform this portrait into a phoenix mage with fire in their eyes, burning feathers, and embers swirling around.;https://leeveostockage.s3.eu-west-3.amazonaws.com/style/phoenix_mage.jpg;1
medieval;Collection Médiévale Fantastique;Styles inspirés des univers médiévaux fantastiques;Oracle;g;seer_oracle;Style voyant ou oracle avec yeux bandés;Transform this portrait into a seer or oracle, with blindfolded eyes, floating runes, and glowing crystal spheres.;https://leeveostockage.s3.eu-west-3.amazonaws.com/style/seer_oracle.jpg;1
medieval;Collection Médiévale Fantastique;Styles inspirés des univers médiévaux fantastiques;Noble Vampire;g;vampire_noble;Style noble vampire d'un royaume gothique;Transform this portrait into a vampire noble from a gothic fantasy realm, with pale skin, red eyes.;https://leeveostockage.s3.eu-west-3.amazonaws.com/style/vampire_noble.jpg;1
medieval;Collection Médiévale Fantastique;Styles inspirés des univers médiévaux fantastiques;Paladin;g;holy_paladin;Style paladin avec armure sacrée;Transform this portrait into a paladin with holy armor, radiant light effects, and a divine sigil on the chest.;https://leeveostockage.s3.eu-west-3.amazonaws.com/style/holy_paladin.jpg;1
medieval;Collection Médiévale Fantastique;Styles inspirés des univers médiévaux fantastiques;Alchimiste Gobelin;g;goblin_alchemist;Style alchimiste gobelin avec lunettes farfelues;Transform this portrait into a goblin alchemist with wild goggles, potions in hand, and a cluttered workshop.;https://leeveostockage.s3.eu-west-3.amazonaws.com/style/goblin_alchemist.jpg;1
medieval;Collection Médiévale Fantastique;Styles inspirés des univers médiévaux fantastiques;Mage de Glace;g;frost_mage;Style mage de glace d'un royaume nordique;Transform this portrait into a frost mage from a northern kingdom, with icy breath and a blizzard backdrop.;https://leeveostockage.s3.eu-west-3.amazonaws.com/style/frost_mage.jpg;1
medieval;Collection Médiévale Fantastique;Styles inspirés des univers médiévaux fantastiques;Ange Déchu;g;fallen_angel;Style ange déchu avec ailes sombres;Transform this portrait into a fallen angel with dark wings, glowing scars, and a broken halo.;https://leeveostockage.s3.eu-west-3.amazonaws.com/style/fallen_angel.jpg;1
medieval;Collection Médiévale Fantastique;Styles inspirés des univers médiévaux fantastiques;Héros Mythique;g;mythic_hero;Style héros mythique d'une prophétie ancienne;Transform this portrait into a mythic hero from an ancient prophecy, with golden armor and celestial markings.;https://leeveostockage.s3.eu-west-3.amazonaws.com/style/mythic_hero.jpg;1
post-apocalyptic;Collection Post-Apocalyptique;Styles inspirés de l'univers post-apocalyptique;Charognard des Terres Désolées;g;wasteland_scavenger;Style charognard avec armure usée;Transform this portrait into a wasteland scavenger with worn-out armor, dust-covered face, and a ruined city behind.;https://leeveostockage.s3.eu-west-3.amazonaws.com/style/wasteland_scavenger.jpg;1
post-apocalyptic;Collection Post-Apocalyptique;Styles inspirés de l'univers post-apocalyptique;Survivant au Masque à Gaz;g;gas_mask_survivor;Style survivant avec masque à gaz;Transform this portrait into a survivor wearing a gas mask, with cracked goggles and radioactive fog in the background.;https://leeveostockage.s3.eu-west-3.amazonaws.com/style/gas_mask_survivor.jpg;1
post-apocalyptic;Collection Post-Apocalyptique;Styles inspirés de l'univers post-apocalyptique;Nomade du Désert;g;desert_nomad;Style nomade avec équipement improvisé;Transform this portrait into a desert nomad with improvised gear, sun-scorched skin, and a rusted vehicle nearby.;https://leeveostockage.s3.eu-west-3.amazonaws.com/style/desert_nomad.jpg;1
post-apocalyptic;Collection Post-Apocalyptique;Styles inspirés de l'univers post-apocalyptique;Guerrier Mutant;g;mutated_warrior;Style guerrier avec cicatrices luminescentes;Transform this portrait into a mutated warrior with glowing scars, bio-enhancements, and a toxic landscape.;https://leeveostockage.s3.eu-west-3.amazonaws.com/style/mutated_warrior.jpg;1
post-apocalyptic;Collection Post-Apocalyptique;Styles inspirés de l'univers post-apocalyptique;Combattant de la Résistance;g;resistance_fighter;Style combattant avec blessures bandées;Transform this portrait into a resistance fighter with bandaged wounds, improvised weapons, and a ruined overpass.;https://leeveostockage.s3.eu-west-3.amazonaws.com/style/resistance_fighter.jpg;1
post-apocalyptic;Collection Post-Apocalyptique;Styles inspirés de l'univers post-apocalyptique;Vagabond Solitaire;g;lone_wanderer;Style vagabond avec manteau long;Transform this portrait into a lone wanderer with a trench coat, survival backpack, and a decaying billboard behind.;https://leeveostockage.s3.eu-west-3.amazonaws.com/style/lone_wanderer.jpg;1
post-apocalyptic;Collection Post-Apocalyptique;Styles inspirés de l'univers post-apocalyptique;Habitant de Bunker;g;bunker_dweller;Style habitant avec peau pâle;Transform this portrait into a bunker dweller with pale skin, outdated tech, and dim emergency lights.;https://leeveostockage.s3.eu-west-3.amazonaws.com/style/bunker_dweller.jpg;
post-apocalyptic;Collection Post-Apocalyptique;Styles inspirés de l'univers post-apocalyptique;Survivant de Peste;g;plague_survivor;Style survivant avec cape en lambeaux;Transform this portrait into a plague survivor with a tattered cloak, worn gloves, and a crumbling hospital in the distance.;https://leeveostockage.s3.eu-west-3.amazonaws.com/style/plague_survivor.jpg;1
post-apocalyptic;Collection Post-Apocalyptique;Styles inspirés de l'univers post-apocalyptique;Chef de Culte Post-Nucléaire;g;post_nuclear_cult_leader;Style chef de culte avec relique lumineuse;Transform this portrait into a post-nuclear cult leader with a glowing relic, ritual tattoos, and fanatics behind them.;https://leeveostockage.s3.eu-west-3.amazonaws.com/style/post_nuclear_cult_leader.jpg;1
post-apocalyptic;Collection Post-Apocalyptique;Styles inspirés de l'univers post-apocalyptique;Soldat des Retombées;g;fallout_soldier;Style soldat avec armure assistée improvisée;Transform this portrait into a fallout soldier in makeshift power armor, walking through an irradiated zone.;https://leeveostockage.s3.eu-west-3.amazonaws.com/style/fallout_soldier.jpg;1
post-apocalyptic;Collection Post-Apocalyptique;Styles inspirés de l'univers post-apocalyptique;Cyber-Charognard;g;cyber_scavenger;Style charognard avec implants dépareillés;Transform this portrait into a cyber-scavenger with mismatched implants and salvaged data cores on their belt.;https://leeveostockage.s3.eu-west-3.amazonaws.com/style/cyber_scavenger.jpg;1
post-apocalyptic;Collection Post-Apocalyptique;Styles inspirés de l'univers post-apocalyptique;Chasseur de Ruines;g;ruin_hunter;Style explorateur de gratte-ciels anciens;Transform this portrait into a ruin-hunter exploring ancient skyscrapers overgrown with nature.;https://leeveostockage.s3.eu-west-3.amazonaws.com/style/ruin_hunter.jpg;1
post-apocalyptic;Collection Post-Apocalyptique;Styles inspirés de l'univers post-apocalyptique;Survivant Sauvage;g;feral_survivor;Style survivant avec peinture de guerre;Transform this portrait into a feral survivor with dirty face paint, animal bones, and survival trophies.;https://leeveostockage.s3.eu-west-3.amazonaws.com/style/feral_survivor.jpg;1
post-apocalyptic;Collection Post-Apocalyptique;Styles inspirés de l'univers post-apocalyptique;Opérateur Radio Rebelle;g;rebel_radio_operator;Style opérateur avec casque et cadrans;Transform this portrait into a rebel radio operator with headphones, frequency dials, and a hidden transmission tower.;https://leeveostockage.s3.eu-west-3.amazonaws.com/style/rebel_radio_operator.jpg;1
post-apocalyptic;Collection Post-Apocalyptique;Styles inspirés de l'univers post-apocalyptique;Androïde IA;g;rogue_ai_android;Style androïde avec armure fissurée;Transform this portrait into a rogue AI-controlled android with cracked armor and malfunctioning sensors.;https://leeveostockage.s3.eu-west-3.amazonaws.com/style/rogue_ai_android.jpg;1
post-apocalyptic;Collection Post-Apocalyptique;Styles inspirés de l'univers post-apocalyptique;Fantôme de l'Apocalypse;g;apocalypse_ghost;Style fantôme avec vêtements décolorés;Transform this portrait into a ghost of the apocalypse, with faded clothing, glowing eyes, and ash swirling around.;https://leeveostockage.s3.eu-west-3.amazonaws.com/style/apocalypse_ghost.jpg;1
post-apocalyptic;Collection Post-Apocalyptique;Styles inspirés de l'univers post-apocalyptique;Enfant Mutant;g;mutant_child;Style enfant avec lunettes surdimensionnées;Transform this portrait into a mutant child with oversized goggles, fragile tech gear, and a hopeful look.;https://leeveostockage.s3.eu-west-3.amazonaws.com/style/mutant_child.jpg;1
post-apocalyptic;Collection Post-Apocalyptique;Styles inspirés de l'univers post-apocalyptique;Reine des Charognards;g;scavenger_queen;Style reine avec couronne de fils;Transform this portrait into a scavenger queen with a crown of wires, armor made from relics, and a desert throne.;https://leeveostockage.s3.eu-west-3.amazonaws.com/style/scavenger_queen.jpg;1
post-apocalyptic;Collection Post-Apocalyptique;Styles inspirés de l'univers post-apocalyptique;Vétéran Cicatrisé;g;battle_scarred_veteran;Style vétéran avec membres cybernétiques;Transform this portrait into a battle-scarred veteran with cybernetic limbs, and haunted eyes.;https://leeveostockage.s3.eu-west-3.amazonaws.com/style/battle_scarred_veteran.jpg;1
post-apocalyptic;Collection Post-Apocalyptique;Styles inspirés de l'univers post-apocalyptique;Survivant Porteur d'Espoir;g;hopeful_survivor;Style survivant plantant une graine;Transform this portrait into a hopeful survivor planting a seed in the wasteland, with green sprouting in the ash.;https://leeveostockage.s3.eu-west-3.amazonaws.com/style/hopeful_survivor.jpg;1
photographic;Collection Photographie;Styles photographiques de diverses époques et techniques;Film Vintage 1960s;g;vintage_film_60s;Style film vintage années 60 avec tons chauds;Transform this portrait into a vintage film photo from the 1960s, with warm tones, grainy texture, and soft focus.;https://leeveostockage.s3.eu-west-3.amazonaws.com/style/vintage_film_60s.jpg;1
photographic;Collection Photographie;Styles photographiques de diverses époques et techniques;Couverture de Magazine;g;fashion_magazine;Style couverture de magazine Vogue avec éclairage dramatique;fashion_magazine;https://leeveostockage.s3.eu-west-3.amazonaws.com/style/fashion_magazine.jpg;1
photographic;Collection Photographie;Styles photographiques de diverses époques et techniques;Photo de Rue Noir et Blanc;g;bw_street_photo;Style Leica noir et blanc avec texture urbaine;bw_street_photo;https://leeveostockage.s3.eu-west-3.amazonaws.com/style/bw_street_photo.jpg;1
photographic;Collection Photographie;Styles photographiques de diverses époques et techniques;Polaroid 1980s;g;polaroid_80s;Style Polaroid années 80 avec couleurs délavées;Make this into polaroid_80s.;https://leeveostockage.s3.eu-west-3.amazonaws.com/style/polaroid_80s.jpg;1
photographic;Collection Photographie;Styles photographiques de diverses époques et techniques;Documentaire Salgado;g;salgado_documentary;Style documentaire Sebastião Salgado en noir et blanc;Make this in black and white, with powerful emotion and texture.;https://leeveostockage.s3.eu-west-3.amazonaws.com/style/salgado_documentary.jpg;1
photographic;Collection Photographie;Styles photographiques de diverses époques et techniques;Studio High-Key;g;high_key_studio;Style studio high-key avec fond blanc lumineux;Make this  into a high-key studio photo with bright white background, even lighting, and soft shadows.;https://leeveostockage.s3.eu-west-3.amazonaws.com/style/high_key_studio.jpg;1
photographic;Collection Photographie;Styles photographiques de diverses époques et techniques;Portrait Low-Key;g;low_key_portrait;Style low-key avec ombres dramatiques;Make this into a low-key with dramatic dark shadows, focused highlights, and intense mood.;https://leeveostockage.s3.eu-west-3.amazonaws.com/style/low_key_portrait.jpg;1
photographic;Collection Photographie;Styles photographiques de diverses époques et techniques;Plan Cinématographique;g;cinematic_frame;Style cinématographique avec étalonnage bleu-orange;Make this into a cinematic still frame with teal-orange color grading, shallow depth of field, and moody lighting.;https://leeveostockage.s3.eu-west-3.amazonaws.com/style/cinematic_frame.jpg;1
photographic;Collection Photographie;Styles photographiques de diverses époques et techniques;Paparazzi 2000s;g;paparazzi_2000s;Style paparazzi des années 2000 avec flash puissant;Make this into an early 2000s paparazzi shot, slightly blurred, with harsh flash and off-guard expression.;https://leeveostockage.s3.eu-west-3.amazonaws.com/style/paparazzi_2000s.jpg;1
photographic;Collection Photographie;Styles photographiques de diverses époques et techniques;Instagram 2020s;g;instagram_2020s;Style Instagram avec filtres doux et tons pastel;Make this into a stylized Instagram photo from the 2020s with soft filters, pastel tones, and lifestyle accessories.;https://leeveostockage.s3.eu-west-3.amazonaws.com/style/instagram_2020s.jpg;1
photographic;Collection Photographie;Styles photographiques de diverses époques et techniques;Webcam VHS;g;vhs_webcam;Style webcam VHS avec aberrations chromatiques;Make this into a VHS webcam image with glitch lines, chromatic aberration, and retro screen artifacts.;https://leeveostockage.s3.eu-west-3.amazonaws.com/style/vhs_webcam.jpg;1
photographic;Collection Photographie;Styles photographiques de diverses époques et techniques;Film Noir;g;film_noir;Style film noir avec contraste fort et ombres mystérieuses;Make this into a classic film noir with strong contrast, shadows on the face, and a mysterious mood.;https://leeveostockage.s3.eu-west-3.amazonaws.com/style/film_noir.jpg;1
photographic;Collection Photographie;Styles photographiques de diverses époques et techniques;Appareil Jetable;g;disposable_camera;Style appareil photo jetable avec mise au point imparfaite;Make this into a candid photo taken on a disposable camera, with imperfect focus and real-life atmosphere.;https://leeveostockage.s3.eu-west-3.amazonaws.com/style/disposable_camera.jpg;1
photographic;Collection Photographie;Styles photographiques de diverses époques et techniques;Photomaton;g;passport_booth;Style photomaton pour documents officiels;Make this into a passport photo booth image with flat lighting, expressionless pose, and official framing.;https://leeveostockage.s3.eu-west-3.amazonaws.com/style/passport_booth.jpg;1
photographic;Collection Photographie;Styles photographiques de diverses époques et techniques;Mode Urbaine;g;street_fashion;Style mode urbaine avec éclairage naturel;Make this into a street fashion photo with natural lighting, a trendy outfit, and an urban backdrop.;https://leeveostockage.s3.eu-west-3.amazonaws.com/style/street_fashion.jpg;1
photographic;Collection Photographie;Styles photographiques de diverses époques et techniques;National Geographic;g;national_geographic;Style National Geographic avec contexte culturel riche;Make this into a National Geographic-style photo with rich cultural context and realistic lighting.;https://leeveostockage.s3.eu-west-3.amazonaws.com/style/national_geographic.jpg;1
photographic;Collection Photographie;Styles photographiques de diverses époques et techniques;Objectif Fisheye;g;fisheye_lens;Style objectif fisheye avec proportions exagérées;Make this into a photo taken with a fisheye lens, exaggerating facial proportions and giving a playful vibe.;https://leeveostockage.s3.eu-west-3.amazonaws.com/style/fisheye_lens.jpg;1
photographic;Collection Photographie;Styles photographiques de diverses époques et techniques;Tapis Rouge;g;red_carpet;Style célébrité sur tapis rouge avec flashes des paparazzi;Make this into a red carpet celebrity shot with glamorous lighting, lens flares, and paparazzi flashes.;https://leeveostockage.s3.eu-west-3.amazonaws.com/style/red_carpet.jpg;1
photographic;Collection Photographie;Styles photographiques de diverses époques et techniques;Studio Sears 90s;g;sears_studio_90s;Style portrait studio Sears des années 90;Make this into a retro 90s Sears studio with cheesy background gradients and soft spot lighting.;https://leeveostockage.s3.eu-west-3.amazonaws.com/style/sears_studio_90s.jpg;1
photographic;Collection Photographie;Styles photographiques de diverses époques et techniques;Photojournalisme;g;photojournalism;Style photojournalisme en noir et blanc;Make this into  a candid black-and-white photojournalism image with authentic emotion and ambient light.;https://leeveostockage.s3.eu-west-3.amazonaws.com/style/photojournalism.jpg;1
culturel;Collection Culturelle;Styles artistiques de diverses cultures du monde;Ukiyo-e Japonais;g;japanese_ukiyo_e;Style d'estampe japonaise traditionnelle avec lignes fluides;Make this into a traditional Japanese ukiyo-e woodblock print with flowing lines, flat colors, and stylized waves.;https://leeveostockage.s3.eu-west-3.amazonaws.com/style/japanese_ukiyo_e.jpg;1
culturel;Collection Culturelle;Styles artistiques de diverses cultures du monde;Miniature Persane;g;persian_miniature;Style de peinture persane avec motifs complexes et accents dorés;Make this into a Persian miniature painting with intricate patterns, gold accents, and delicate storytelling scenes.;https://leeveostockage.s3.eu-west-3.amazonaws.com/style/persian_miniature.jpg;1
culturel;Collection Culturelle;Styles artistiques de diverses cultures du monde;Masque Africain;g;african_mask;Style de masque africain avec formes audacieuses et géométrie tribale;Make this into a stylized African composition with bold shapes, tribal geometry, and earthy textures.;https://leeveostockage.s3.eu-west-3.amazonaws.com/style/african_mask.jpg;1
culturel;Collection Culturelle;Styles artistiques de diverses cultures du monde;Día de los Muertos;g;dia_de_los_muertos;Style mexicain du Jour des Morts avec motifs colorés;Make this into a vibrant Día de los Muertos artwork with sugar skull motifs, marigold flowers, and festive symbolism.;https://leeveostockage.s3.eu-west-3.amazonaws.com/style/dia_de_los_muertos.jpg;1
culturel;Collection Culturelle;Styles artistiques de diverses cultures du monde;Icône Byzantine;g;byzantine_icon;Style d'icône religieuse avec fond doré et symbolisme sacré;Make this into a Byzantine icon with gold leaf background, solemn expressions, and religious symbolism in flat perspective.;https://leeveostockage.s3.eu-west-3.amazonaws.com/style/byzantine_icon.jpg;1
culturel;Collection Culturelle;Styles artistiques de diverses cultures du monde;Bollywood;g;bollywood_style;Style indien de Bollywood avec costumes éblouissants et ambiance festive;Make this into a colorful Bollywood-style scene with dazzling costumes, ornate jewelry, and a festive dance atmosphere.;https://leeveostockage.s3.eu-west-3.amazonaws.com/style/bollywood_style.jpg;1
culturel;Collection Culturelle;Styles artistiques de diverses cultures du monde;Art Viking;g;viking_art;Style inspiré des Vikings avec motifs runiques et textures boisées;Make this into a Viking-inspired artwork with runic patterns, carved wood textures, and mythological Norse elements.;https://leeveostockage.s3.eu-west-3.amazonaws.com/style/viking_art.jpg;1
culturel;Collection Culturelle;Styles artistiques de diverses cultures du monde;Textile Navajo;g;navajo_textile;Style textile Navajo avec motifs géométriques et tons désertiques;Make this into a textile-based Navajo or Hopi-style visual with geometric patterns, natural dyes, and desert tones.;https://leeveostockage.s3.eu-west-3.amazonaws.com/style/navajo_textile.jpg;1
culturel;Collection Culturelle;Styles artistiques de diverses cultures du monde;Art Balinais;g;balinese_art;Style artistique balinais avec ornementation riche et symboles sacrés;Make this into a traditional Balinese artistic scene with rich ornamentation, expressive gestures, and sacred symbols.;https://leeveostockage.s3.eu-west-3.amazonaws.com/style/balinese_art.jpg;1
culturel;Collection Culturelle;Styles artistiques de diverses cultures du monde;Art Inuit;g;inuit_art;Style d'art inuit avec formes simplifiées et faune arctique;Make this into an Inuit-style artwork using bold simplified shapes, natural colors, and references to Arctic wildlife.;https://leeveostockage.s3.eu-west-3.amazonaws.com/style/inuit_art.jpg;1
culturel;Collection Culturelle;Styles artistiques de diverses cultures du monde;Fresque Khmère;g;khmer_mural;Style de fresque de temple Khmer avec dieux anciens et gravures complexes;Make this into a Khmer temple mural with ancient gods, intricate carvings, and golden halos.;https://leeveostockage.s3.eu-west-3.amazonaws.com/style/khmer_mural.jpg;1
culturel;Collection Culturelle;Styles artistiques de diverses cultures du monde;Art Māori;g;maori_art;Style māori avec spirales koru et motifs de tatouage facial;Make this into a Māori art style with koru spirals, facial tattoo patterns, and symbolic storytelling.;https://leeveostockage.s3.eu-west-3.amazonaws.com/style/maori_art.jpg;1
culturel;Collection Culturelle;Styles artistiques de diverses cultures du monde;Folklore Russe;g;russian_folk;Style d'art populaire russe avec bordures florales et charme villageois;Make this into a Russian folk art scene with floral borders, nested doll symmetry, and winter village charm.;https://leeveostockage.s3.eu-west-3.amazonaws.com/style/russian_folk.jpg;1
culturel;Collection Culturelle;Styles artistiques de diverses cultures du monde;Peinture Aborigène;g;aboriginal_dot;Style de peinture pointilliste aborigène avec symbolisme superposé;Make this into an Aboriginal dot painting with layered symbolism, vibrant color palettes, and concentric patterns.;https://leeveostockage.s3.eu-west-3.amazonaws.com/style/aboriginal_dot.jpg;
culturel;Collection Culturelle;Styles artistiques de diverses cultures du monde;Encre Chinoise;g;chinese_ink;Style de peinture à l'encre chinoise avec coups de pinceau minimalistes;Make this into a Chinese ink painting with minimalist brush strokes, misty landscapes, and traditional seals.;https://leeveostockage.s3.eu-west-3.amazonaws.com/style/chinese_ink.jpg;1
culturel;Collection Culturelle;Styles artistiques de diverses cultures du monde;Fresque Hellénistique;g;hellenistic_fresco;Style de fresque hellénistique avec figures mythologiques et symétrie classique;Make this into a Hellenistic fresco with mythological figures, pastel hues, and classical symmetry.;https://leeveostockage.s3.eu-west-3.amazonaws.com/style/hellenistic_fresco.jpg;1
culturel;Collection Culturelle;Styles artistiques de diverses cultures du monde;Afro-futurisme;g;afrofuturism;Style afro-futuriste avec motifs traditionnels réimaginés en éléments néon;Make this into a contemporary Afro-futurist vision with traditional motifs reimagined in metallic and neon elements.;https://leeveostockage.s3.eu-west-3.amazonaws.com/style/afrofuturism.jpg;1
culturel;Collection Culturelle;Styles artistiques de diverses cultures du monde;Thangka Tibétain;g;tibetan_thangka;Style de peinture thangka tibétaine avec iconographie complexe;Make this into a Tibetan thangka painting with layered iconography, detailed mandalas, and vivid spiritual colors.;https://leeveostockage.s3.eu-west-3.amazonaws.com/style/tibetan_thangka.jpg;1
culturel;Collection Culturelle;Styles artistiques de diverses cultures du monde;Mythologie Alaskaine;g;alaskan_myth;Style mythologique des natifs d'Alaska avec esprits animaux;Make this into a Native Alaskan mythological scene with animal spirits, stylized totems, and ice-blue palettes.;https://leeveostockage.s3.eu-west-3.amazonaws.com/style/alaskan_myth.jpg;1
culturel;Collection Culturelle;Styles artistiques de diverses cultures du monde;Minhwa Coréen;g;korean_minhwa;Style de peinture minhwa coréenne avec tigres stylisés et symboles porte-bonheur;Make this into a traditional Korean minhwa painting with stylized tigers, lucky symbols, and folkloric vibrancy.;https://leeveostockage.s3.eu-west-3.amazonaws.com/style/korean_minhwa.jpg;1
sport;Collection Sport;Styles inspirés du monde du sport et de l'activité physique;Anime Sportif;g;sports_anime;Style anime dynamique avec lignes de vitesse;Make this into a dynamic sports anime scene with speed lines, exaggerated motion, and glowing intensity.;https://leeveostockage.s3.eu-west-3.amazonaws.com/style/sports_anime.jpg;1
sport;Collection Sport;Styles inspirés du monde du sport et de l'activité physique;Gym Rétro 80s;g;vintage_gym;Style affiche de gym vintage des années 80;Make this into a vintage 1980s gym poster with neon tracksuits, retro typography, and grainy textures.;https://leeveostockage.s3.eu-west-3.amazonaws.com/style/vintage_gym.jpg;1
sport;Collection Sport;Styles inspirés du monde du sport et de l'activité physique;Illustration Olympique;g;olympic_illustration;Style minimaliste inspiré des Jeux Olympiques;Make this into a minimalist Olympic-style illustration with clean lines, symbolic motion, and national colors.;https://leeveostockage.s3.eu-west-3.amazonaws.com/style/olympic_illustration.jpg;1
sport;Collection Sport;Styles inspirés du monde du sport et de l'activité physique;Sports Extrêmes;g;extreme_sports;Style graphique de sports extrêmes avec couleurs vives;Make this into an extreme sports graphic with bold colors, high contrast, and a gritty urban backdrop.;https://leeveostockage.s3.eu-west-3.amazonaws.com/style/extreme_sports.jpg;1
sport;Collection Sport;Styles inspirés du monde du sport et de l'activité physique;Basket de Rue;g;street_basketball;Style basketball urbain avec graffiti et action;Make this into a street basketball scene with graffiti, dramatic lighting, and mid-air action.;https://leeveostockage.s3.eu-west-3.amazonaws.com/style/street_basketball.jpg;
sport;Collection Sport;Styles inspirés du monde du sport et de l'activité physique;Pub Sportswear;g;fashion_sportswear;Style publicité haut de gamme pour vêtements de sport;Make this into a high-fashion sportswear ad with sleek design, strong silhouettes, and cool-toned filters.;https://leeveostockage.s3.eu-west-3.amazonaws.com/style/fashion_sportswear.jpg;1
sport;Collection Sport;Styles inspirés du monde du sport et de l'activité physique;Arts Martiaux;g;martial_arts;Style illustration d'arts martiaux à l'encre;Make this into a traditional martial arts ink illustration with brushstroke motion and zen atmosphere.;https://leeveostockage.s3.eu-west-3.amazonaws.com/style/martial_arts.jpg;1
sport;Collection Sport;Styles inspirés du monde du sport et de l'activité physique;Match de Football;g;soccer_action;Style action de football capturée en plein mouvement;Make this into a soccer match moment captured mid-action with flying dirt, dramatic lighting, and energetic blur.;https://leeveostockage.s3.eu-west-3.amazonaws.com/style/soccer_action.jpg;1
sport;Collection Sport;Styles inspirés du monde du sport et de l'activité physique;Combat de Boxe;g;boxing_cinematic;Style cinématographique de combat de boxe;Make this into a boxing ring showdown in cinematic style, with sweat, motion blur, and gritty shadows.;https://leeveostockage.s3.eu-west-3.amazonaws.com/style/boxing_cinematic.jpg;1
sport;Collection Sport;Styles inspirés du monde du sport et de l'activité physique;Snowboard;g;snowboarding;Style affiche de snowboard avec neige stylisée;Make this into poster with stylized powder trails, frozen tones, and dynamic angles.;https://leeveostockage.s3.eu-west-3.amazonaws.com/style/snowboarding.jpg;1
sport;Collection Sport;Styles inspirés du monde du sport et de l'activité physique;Skateboard 90s;g;skateboarding_zine;Style graphique de zine de skateboard des années 90;Make this into a 90s skateboarding zine graphic with bold outlines, stickers, and rebellious textures.;https://leeveostockage.s3.eu-west-3.amazonaws.com/style/skateboarding_zine.jpg;1
sport;Collection Sport;Styles inspirés du monde du sport et de l'activité physique;E-sport Futuriste;g;esports_futuristic;Style tournoi d'e-sport futuriste avec hologrammes;Make this into a futuristic e-sports tournament setting with holograms, LEDs, and team branding.;https://leeveostockage.s3.eu-west-3.amazonaws.com/style/esports_futuristic.jpg;1
sport;Collection Sport;Styles inspirés du monde du sport et de l'activité physique;Formule 1;g;formula_one;Style Formule 1 avec traces de mouvement et vitesse;Make this into race scene with motion streaks, aerodynamic design, and high-speed intensity.;https://leeveostockage.s3.eu-west-3.amazonaws.com/style/formula_one.jpg;1
sport;Collection Sport;Styles inspirés du monde du sport et de l'activité physique;Yoga Stylisé;g;stylized_yoga;Style composition de yoga avec poses fluides;Make this into a stylized yoga composition with flowing poses, mandala patterns, and soft gradients.;https://leeveostockage.s3.eu-west-3.amazonaws.com/style/stylized_yoga.jpg;1
sport;Collection Sport;Styles inspirés du monde du sport et de l'activité physique;Parkour Urbain;g;rooftop_parkour;Style scène de parkour sur les toits avec angles inclinés;Make this into scene on rooftops with tilted angles, city lights, and freeze-frame motion.;https://leeveostockage.s3.eu-west-3.amazonaws.com/style/rooftop_parkour.jpg;1
sport;Collection Sport;Styles inspirés du monde du sport et de l'activité physique;Tennis Rétro;g;retro_tennis;Style graphique de court de tennis rétro avec tons pastel;Make this into a retro tennis court graphic with pastel tones, grainy paper texture, and vintage rackets.;https://leeveostockage.s3.eu-west-3.amazonaws.com/style/retro_tennis.jpg;1
sport;Collection Sport;Styles inspirés du monde du sport et de l'activité physique;Volleyball de Plage;g;beach_volleyball;Style affiche de volleyball de plage avec éclats de soleil;Make this into a beach volleyball poster with sun flares, glowing skin tones, and dynamic sand spray.;https://leeveostockage.s3.eu-west-3.amazonaws.com/style/beach_volleyball.jpg;1
sport;Collection Sport;Styles inspirés du monde du sport et de l'activité physique;Intro Équipe Basketball;g;basketball_intro;Style présentation d'équipe de basketball professionnelle;Make this into a professional basketball team introduction with explosive lighting and bold team branding.;https://leeveostockage.s3.eu-west-3.amazonaws.com/style/basketball_intro.jpg;1
sport;Collection Sport;Styles inspirés du monde du sport et de l'activité physique;Intro Équipe Football;g;football_intro;Style présentation d'équipe de football  professionnelle;Make this into a professional soccer team  with explosive lighting and bold team branding.;https://leeveostockage.s3.eu-west-3.amazonaws.com/style/football_intro.jpg;1
camera_effect_styles;Effets de Simulation Caméra;Collection de rendus inspirés de différents types d'appareils photo;Effet GoPro Action;;camera_gopro;Simulation GoPro avec grand angle et contraste vif;Simulate a GoPro Hero camera image. Use wide-angle lens effect, fisheye effect ,high contrast, saturated colors, and dynamic field of view. ;https://leeveostockage.s3.eu-west-3.amazonaws.com/style/camera_gopro.jpg;
camera_effect_styles;Effets de Simulation Caméra;Collection de rendus inspirés de différents types d'appareils photo;Effet Canon DSLR;;camera_canon_dslr;Rendu clair et équilibré d’un appareil Canon reflex;Simulate a Canon DSLR image with accurate color reproduction, soft background blur (bokeh), and professional clarity. Natural exposure and skin tone rendering.;https://leeveostockage.s3.eu-west-3.amazonaws.com/style/camera_canon_dslr.jpg;
camera_effect_styles;Effets de Simulation Caméra;Collection de rendus inspirés de différents types d'appareils photo;Effet Nikon Reflex;;camera_nikon_dslr;Style net et lumineux typique d’un Nikon reflex numérique;Simulate a Nikon DSLR photo. Emphasize brightness, vibrant colors, and sharp lens clarity. Use DSLR depth of field and subtle tonal curves.;https://leeveostockage.s3.eu-west-3.amazonaws.com/style/camera_nikon_dslr.jpg;
camera_effect_styles;Effets de Simulation Caméra;Collection de rendus inspirés de différents types d'appareils photo;Effet Sony Alpha Mirrorless;;camera_sony_alpha;Look moderne avec haute dynamique et netteté Sony Alpha;Simulate a Sony Alpha mirrorless camera photo. High dynamic range, clean shadows, crisp details and vivid color accuracy. Mirrorless clarity and soft bokeh.;https://leeveostockage.s3.eu-west-3.amazonaws.com/style/camera_sony_alpha.jpg;
camera_effect_styles;Effets de Simulation Caméra;Collection de rendus inspirés de différents types d'appareils photo;Effet iPhone Pro;;camera_iphone_pro;Aspect photographique propre aux iPhones récents;Simulate an iPhone 14 Pro camera image. Balanced HDR, vivid but realistic colors, smooth skin rendering, and AI-assisted sharpening. Smartphone lens emulation.;https://leeveostockage.s3.eu-west-3.amazonaws.com/style/camera_iphone_pro.jpg;
camera_effect_styles;Effets de Simulation Caméra;Collection de rendus inspirés de différents types d'appareils photo;Effet Fujifilm Classic;;camera_fujifilm_classic;Teinte vintage Fujifilm avec contraste doux;Simulate a Fujifilm camera shot using Classic Chrome style. Muted tones, subtle shadows, vintage color profile, and light grain.;https://leeveostockage.s3.eu-west-3.amazonaws.com/style/camera_fujifilm_classic.jpg;
camera_effect_styles;Effets de Simulation Caméra;Collection de rendus inspirés de différents types d'appareils photo;Effet Leica Numérique;;camera_leica_digital;Look photographique haut de gamme façon Leica;Simulate a Leica digital camera image. Add elegant microcontrast, rich shadow details, and a timeless rendering of skin tones and edges.;https://leeveostockage.s3.eu-west-3.amazonaws.com/style/camera_leica_digital.jpg;
camera_effect_styles;Effets de Simulation Caméra;Collection de rendus inspirés de différents types d'appareils photo;Effet Hasselblad Moyen Format;;camera_hasselblad;Rendu net et profond d’un appareil moyen format Hasselblad;Simulate a Hasselblad medium-format photo. Extra resolution, perfect tonal range, and smooth depth transitions. Balanced color grading with luxury finish.;https://leeveostockage.s3.eu-west-3.amazonaws.com/style/camera_hasselblad.jpg;
camera_effect_styles;Effets de Simulation Caméra;Collection de rendus inspirés de différents types d'appareils photo;Effet Caméra VHS;;camera_vhs;Vidéo analogique basse résolution avec bruit VHS;Simulate an old VHS camcorder recording. Add noise, scanlines, tape blur, chromatic shift, and timestamp overlay for retro home video effect.;https://leeveostockage.s3.eu-west-3.amazonaws.com/style/camera_vhs.jpg;
camera_effect_styles;Effets de Simulation Caméra;Collection de rendus inspirés de différents types d'appareils photo;Effet Caméra 8mm;;camera_8mm;Aspect rétro film 8mm granuleux et saturé;Simulate a Super 8mm film camera shot. Add grain, soft focus, orange-yellow tint, and flicker effect. Vintage cinematic tone.;https://leeveostockage.s3.eu-west-3.amazonaws.com/style/camera_8mm.jpg;
camera_effect_styles;Effets de Simulation Caméra;Collection de rendus inspirés de différents types d'appareils photo;Effet Drone DJI;;camera_dji_drone;Vue aérienne nette et contrastée typique DJI;Simulate a DJI drone photo. High-contrast aerial perspective, clean lines, landscape clarity, and geometric composition.;https://leeveostockage.s3.eu-west-3.amazonaws.com/style/camera_dji_drone.jpg;
camera_effect_styles;Effets de Simulation Caméra;Collection de rendus inspirés de différents types d'appareils photo;Effet Polaroid Instantané;;camera_polaroid;Photo instantanée Polaroid avec teintes désaturées;Simulate a vintage Polaroid camera. Add white frame, slightly washed-out tones, mild blur, and analog softness.;https://leeveostockage.s3.eu-west-3.amazonaws.com/style/camera_polaroid.jpg;
camera_effect_styles;Effets de Simulation Caméra;Collection de rendus inspirés de différents types d'appareils photo;Effet Olympus OM-D;;camera_olympus_omd;Rendu numérique net et équilibré Olympus;Simulate an Olympus OM-D digital photo. Use natural color balance, slight warmth, and midrange clarity.;https://leeveostockage.s3.eu-west-3.amazonaws.com/style/camera_olympus_omd.jpg;
camera_effect_styles;Effets de Simulation Caméra;Collection de rendus inspirés de différents types d'appareils photo;Effet Blackmagic Cinema;;camera_blackmagic;Rendu vidéo cinéma brut Blackmagic;Simulate Blackmagic Cinema Camera output. Film log look, high dynamic range, minimal in-camera processing. Raw cinematic aesthetic.;https://leeveostockage.s3.eu-west-3.amazonaws.com/style/camera_blackmagic.jpg;
camera_effect_styles;Effets de Simulation Caméra;Collection de rendus inspirés de différents types d'appareils photo;Effet Panasonic Lumix;;camera_panasonic_lumix;Simulation Lumix avec tons neutres et bonne netteté;Simulate a Panasonic Lumix camera shot. Neutral white balance, clean exposure, and stabilized image structure.;https://leeveostockage.s3.eu-west-3.amazonaws.com/style/camera_panasonic_lumix.jpg;
camera_effect_styles;Effets de Simulation Caméra;Collection de rendus inspirés de différents types d'appareils photo;Effet Caméra de Surveillance;;camera_cctv;Vue CCTV avec bruit, IR ou faible luminosité;Simulate a CCTV security camera frame. Add timestamp, low resolution, grayscale or night vision IR effect, and grainy static.;https://leeveostockage.s3.eu-west-3.amazonaws.com/style/camera_cctv.jpg;
camera_effect_styles;Effets de Simulation Caméra;Collection de rendus inspirés de différents types d'appareils photo;Effet Caméra Web;;camera_webcam;Aspect image webcam avec faible profondeur et compression;Simulate a standard webcam feed. Low dynamic range, minimal bokeh, slight pixelation, soft focus, and flat lighting.;https://leeveostockage.s3.eu-west-3.amazonaws.com/style/camera_webcam.jpg;
camera_effect_styles;Effets de Simulation Caméra;Collection de rendus inspirés de différents types d'appareils photo;Effet RED Digital Cinema;;camera_red_digital;Aspect cinéma numérique haut de gamme RED;Simulate a RED digital cinema camera shot. High dynamic range, film-grade detail retention, and RAW cinematic sharpness.;https://leeveostockage.s3.eu-west-3.amazonaws.com/style/camera_red_digital.jpg;
camera_effect_styles;Effets de Simulation Caméra;Collection de rendus inspirés de différents types d'appareils photo;Effet Caméra Thermique;;camera_thermal;Simulation de caméra thermique en fausses couleurs;Simulate thermal imaging view. Use false-color mapping, red-yellow for hot areas, blue-purple for cold. Add slight blur and digital noise.;https://leeveostockage.s3.eu-west-3.amazonaws.com/style/camera_thermal.jpg;
camera_effect_styles;Effets de Simulation Caméra;Collection de rendus inspirés de différents types d'appareils photo;Effet Caméra Lomo;;camera_lomo;Effet lomographie colorée et vignettée;Simulate a Lomo camera style. Add color shift, strong vignetting, and saturated tones. Soft lens distortion and experimental film feel.;https://leeveostockage.s3.eu-west-3.amazonaws.com/style/camera_lomo.jpg;
futuriste;Collection Futuriste;Styles avant-gardistes inspirés de la science-fiction et du futur;Cityscape Cyberpunk;g;cyberpunk_city;Paysage urbain cyberpunk avec néons et gratte-ciels futuristes;Make this into a neon-lit cyberpunk cityscape with towering skyscrapers, flying vehicles, and glowing signs.;https://leeveostockage.s3.eu-west-3.amazonaws.com/style/cyberpunk_city.jpg;1
futuriste;Collection Futuriste;Styles avant-gardistes inspirés de la science-fiction et du futur;Exosquelette High-Tech;g;high_tech_exosuit;Combinaison exosquelette futuriste avec détails chromés;Make this into a high-tech exosuit design with chrome plating, hydraulic limbs, and glowing power cores.;https://leeveostockage.s3.eu-west-3.amazonaws.com/style/high_tech_exosuit.jpg;1
futuriste;Collection Futuriste;Styles avant-gardistes inspirés de la science-fiction et du futur;Colonie Spatiale;g;space_colony;Environnement de colonie spatiale avec habitats artificiels;Make this into a post-Earth space colony environment with artificial habitats, domes, and alien vegetation.;https://leeveostockage.s3.eu-west-3.amazonaws.com/style/space_colony.jpg;1
futuriste;Collection Futuriste;Styles avant-gardistes inspirés de la science-fiction et du futur;Symphonie Robotique;g;robotic_symphony;Scène de musiciens robotiques avec effets lumineux synchronisés;Make this into a robotic symphony scene with mechanical musicians and synchronized digital light effects.;https://leeveostockage.s3.eu-west-3.amazonaws.com/style/robotic_symphony.jpg;1
futuriste;Collection Futuriste;Styles avant-gardistes inspirés de la science-fiction et du futur;Interface Holographique;g;holographic_interface;Affichage holographique avec panneaux de données flottants;Make this into a holographic interface display with floating data panels, 3D maps, and sci-fi UI elements.;https://leeveostockage.s3.eu-west-3.amazonaws.com/style/holographic_interface.jpg;1
futuriste;Collection Futuriste;Styles avant-gardistes inspirés de la science-fiction et du futur;Convoi du Désert Futuriste;g;future_desert_convoy;Convoi futuriste dans le désert avec véhicules en lévitation;Make this into a futuristic desert convoy with hovering vehicles, sand-resistant armor, and sci-fi survival gear.;https://leeveostockage.s3.eu-west-3.amazonaws.com/style/future_desert_convoy.jpg;1
futuriste;Collection Futuriste;Styles avant-gardistes inspirés de la science-fiction et du futur;Métropole IA;g;ai_metropolis;Métropole gouvernée par l'IA avec architecture géométrique;Make this into an AI-governed metropolis with geometric architecture, surveillance drones, and pristine order.;https://leeveostockage.s3.eu-west-3.amazonaws.com/style/ai_metropolis.jpg;1
futuriste;Collection Futuriste;Styles avant-gardistes inspirés de la science-fiction et du futur;Lounge Rétro-Futuriste;g;retro_future_lounge;Salon rétro-futuriste mêlant design mid-century et technologie;Make this into a retro-futuristic lounge with mid-century design mixed with glowing tech and space age decor.;https://leeveostockage.s3.eu-west-3.amazonaws.com/style/retro_future_lounge.jpg;1
futuriste;Collection Futuriste;Styles avant-gardistes inspirés de la science-fiction et du futur;Expérience de Voyage Temporel;g;time_travel_glitch;Expérience de voyage dans le temps ratée avec réalité déformée;Make this into a time travel experiment gone wrong, with bent reality, multiple timelines, and glitching effects.;https://leeveostockage.s3.eu-west-3.amazonaws.com/style/time_travel_glitch.jpg;1
futuriste;Collection Futuriste;Styles avant-gardistes inspirés de la science-fiction et du futur;Arène Sci-Fi;g;scifi_gladiator;Arène de gladiateurs futuriste avec armes à énergie;Make this into a sci-fi gladiator arena with energy weapons, forcefields, and roaring alien crowds.;https://leeveostockage.s3.eu-west-3.amazonaws.com/style/scifi_gladiator.jpg;1
futuriste;Collection Futuriste;Styles avant-gardistes inspirés de la science-fiction et du futur;Rébellion Androïde;g;android_rebellion;Scène de rébellion d'androïdes avec étincelles et néons;Make this into an android rebellion scene with sparks flying, broken restraints, and neon-lit resistance.;https://leeveostockage.s3.eu-west-3.amazonaws.com/style/android_rebellion.jpg;1
futuriste;Collection Futuriste;Styles avant-gardistes inspirés de la science-fiction et du futur;Chambre de Stase Spatiale;g;space_stasis;Chambre de stase dans l'espace profond avec caissons cryogéniques;Make this into a deep space stasis chamber with translucent cryo-pods and bioluminescent control panels.;https://leeveostockage.s3.eu-west-3.amazonaws.com/style/space_stasis.jpg;1
futuriste;Collection Futuriste;Styles avant-gardistes inspirés de la science-fiction et du futur;Course de Drones;g;drone_race;Course de drones dans des ruines cyber abandonnées;Make this into a drone race through abandoned cyber ruins with speed trails, light rings, and explosive action.;https://leeveostockage.s3.eu-west-3.amazonaws.com/style/drone_race.jpg;1
futuriste;Collection Futuriste;Styles avant-gardistes inspirés de la science-fiction et du futur;Fusion Biomécanique;g;biomechanical_fusion;Scène de fusion biomécanique, mélange d'organique et de synthétique;Make this into biomechanicals fusion scene with organic elements.;https://leeveostockage.s3.eu-west-3.amazonaws.com/style/biomechanical_fusion.jpg;1
futuriste;Collection Futuriste;Styles avant-gardistes inspirés de la science-fiction et du futur;Au-delà Numérique;g;digital_afterlife;Concept d'au-delà numérique avec formes d'avatars et âmes pixélisées;Make this into a digital afterlife concept with avatar forms, pixel souls, and endless virtual horizon.;https://leeveostockage.s3.eu-west-3.amazonaws.com/style/digital_afterlife.jpg;1
futuriste;Collection Futuriste;Styles avant-gardistes inspirés de la science-fiction et du futur;Défilé Intergalactique;g;intergalactic_fashion;Défilé de mode intergalactique avec tenues avant-gardistes;Make this into an intergalactic fashion show with avant-garde outfits, zero-gravity catwalks, and alien fabrics.;https://leeveostockage.s3.eu-west-3.amazonaws.com/style/intergalactic_fashion.jpg;1
futuriste;Collection Futuriste;Styles avant-gardistes inspirés de la science-fiction et du futur;Réseau Neuronal;g;neural_network;Visualisation de réseau neuronal avec pensées flottantes;Make this into a neural network visualization with floating thoughts, synaptic bridges, and shimmering code.;https://leeveostockage.s3.eu-west-3.amazonaws.com/style/neural_network.jpg;1
futuriste;Collection Futuriste;Styles avant-gardistes inspirés de la science-fiction et du futur;Green Aliens;g;green_aliens;Scene avec des extraterrestres verts dans un environnement futuriste;Make this into martian background with green alien .;https://leeveostockage.s3.eu-west-3.amazonaws.com/style/green_aliens.jpg;1
fisheye-animal-selfies;Selfies Fisheye Animaux Fantaisistes;Montages en style selfie fisheye avec animaux variés dans un salon lumineux;Fisheye Selfie 1;g;fisheye_animals_1;Selfie avec effet fisheye et 5 fluffy dogs wearing sunglasses;make this  with [cats, dogs] smilling  . all making silly, exaggerated faces. fisheye selfie format;https://leeveostockage.s3.eu-west-3.amazonaws.com/style/fisheye_animals_1.jpg;1
fisheye-animal-selfies;Selfies Fisheye Animaux Fantaisistes;Montages en style selfie fisheye avec animaux variés dans un salon lumineux;Fisheye Selfie 1;g;fisheye_cat;Selfie avec effet fisheye et chats;make this a Ultra-realistic 3D 9:16 vertical format fisheye selfie with 10 cats smilling . We're all making silly, exaggerated faces. Set in a small, bright living room with white tones. High camera angle. Extreme fisheye distortion. Realistic, cinematic lighting, anime characters integrated with stylized realism.;https://leeveostockage.s3.eu-west-3.amazonaws.com/style/fisheye_cats.jpg;1
fisheye-animal-selfies;Selfies Fisheye Animaux Fantaisistes;Montages en style selfie fisheye avec animaux variés dans un salon lumineux;Fisheye Selfie 2;g;fisheye_animals_2;Selfie avec effet fisheye et 8 parrots with neon feathers perched around;make this a Ultra-realistic 3D 9:16 vertical format fisheye selfie with 8 parrots with neon feathers perched around. We're all making silly, exaggerated faces. Set in a small, bright living room with white tones. High camera angle. Extreme fisheye distortion. Realistic, cinematic lighting, anime characters integrated with stylized realism.;https://leeveostockage.s3.eu-west-3.amazonaws.com/style/fisheye_animals_2.jpg;1
fisheye-animal-selfies;Selfies Fisheye Animaux Fantaisistes;Montages en style selfie fisheye avec animaux variés dans un salon lumineux;Fisheye Selfie 3;g;fisheye_animals_3;Selfie avec effet fisheye et a group of 6 raccoons holding snacks;make this a Ultra-realistic 3D 9:16 vertical format fisheye selfie with a group of 6 raccoons holding snacks. We're all making silly, exaggerated faces. Set in a small, bright living room with white tones. High camera angle. Extreme fisheye distortion. Realistic, cinematic lighting, anime characters integrated with stylized realism.;https://leeveostockage.s3.eu-west-3.amazonaws.com/style/fisheye_animals_3.jpg;1
fisheye-animal-selfies;Selfies Fisheye Animaux Fantaisistes;Montages en style selfie fisheye avec animaux variés dans un salon lumineux;Fisheye Selfie 5;g;fisheye_animals_5;Selfie avec effet fisheye et 4 baby goats jumping mid-air;make this a Ultra-realistic 3D 9:16 vertical format fisheye selfie with 4 baby goats jumping mid-air. We're all making silly, exaggerated faces. Set in a small, bright living room with white tones. High camera angle. Extreme fisheye distortion. Realistic, cinematic lighting, anime characters integrated with stylized realism.;https://leeveostockage.s3.eu-west-3.amazonaws.com/style/fisheye_animals_5.jpg;1
fisheye-animal-selfies;Selfies Fisheye Animaux Fantaisistes;Montages en style selfie fisheye avec animaux variés dans un salon lumineux;Fisheye Selfie 6;g;fisheye_animals_6;Selfie avec effet fisheye et 7 robots making funny faces;make this a fisheye selfie with [zebra, elepant, lion] smilling . We're all making silly, exaggerated faces. ;https://leeveostockage.s3.eu-west-3.amazonaws.com/style/fisheye_animals_6.jpg;1
halloween-expressions-series;Transformations Halloween – Expressions Variées;Déguisements d’Halloween photoréalistes avec expressions faciales variées et cohérence d’identité;Squelette Comique;g;funny_skeleton;Déguisement de squelette coloré avec grimace absurde;Use the attached image as accurate reference for each face. Preserve every person’s identity, face shape, skin tone, and eye structure. Style each person in a full-body colorful skeleton costume with neon bone patterns glowing under blacklight. Apply face paint resembling a stylized skull but allowing the real face structure to remain visible. Use exaggerated silly expressions: bulging eyes, puffed cheeks, comically open mouths or tongue-out faces. Background should be a glow-in-the-dark haunted house party with blacklight decorations and fog machines. Ensure photorealistic textures on skin, costume, and paint. Maintain overall composition and character consistency.;https://leeveostockage.s3.eu-west-3.amazonaws.com/style/halloween_skeleton_funny.jpg;
halloween-expressions-series;Transformations Halloween – Expressions Variées;Déguisements d’Halloween photoréalistes avec expressions faciales variées et cohérence d’identité;Citrouille Déjantée;g;crazy_pumpkin;Clown citrouille avec grimaces absurdes et costume lumineux;Use the attached image as accurate reference for each face. Do not modify facial structure or identity. Style each subject with painted orange-like makeup, keeping parts of their real face visible for recognition. Dress them in exaggerated Halloween carnival costumes with glowing elements. Add silly or wildly joyful expressions—oversized smiles, exaggerated eye squints, puffed cheeks. Change the background to a nighttime Halloween fairground filled with lit jack-o’-lanterns, confetti, and fog. Use warm, ambient lighting and realistic skin blending with paint. Preserve composition and face clarity across the group.;https://leeveostockage.s3.eu-west-3.amazonaws.com/style/halloween_pumpkin_crazy.jpg;
halloween-expressions-series;Transformations Halloween – Expressions Variées;Déguisements d’Halloween photoréalistes avec expressions faciales variées et cohérence d’identité;Monstre Glitché Numérique;g;glitched_monster;Créature d’Halloween digitale avec bugs visuels et expression de panique ou confusion;Use the attached image as accurate reference for every face. Preserve the full facial identity of each person. Transform each into a glitch-infected Halloween monster: fragmented pixel textures on the skin, glowing cracks across the face, semi-transparent overlays, and code flickering on parts of the clothing. Facial expressions should show shock, confusion, or fearful awe—wide eyes, open mouths, frozen stares. Place the scene in a corrupted digital hallway with broken neon lights and data distortions. Blend realistic facial texture with digital effects, ensuring characters remain identifiable while the environment distorts.;https://leeveostockage.s3.eu-west-3.amazonaws.com/style/halloween_glitch.jpg;
halloween-expressions-series;Transformations Halloween – Expressions Variées;Déguisements d’Halloween photoréalistes avec expressions faciales variées et cohérence d’identité;Squelettes Colorés;g;colorful_skeletons;Groupe déguisé en squelettes fluo sous lumière noire;Use the attached image as accurate reference for every face. Preserve the full facial identity and skin tone of each subject. Transform the group into vibrant Halloween skeletons with black bodysuits and glowing neon bone designs in different colors. Paint face masks or makeup with skull motifs that still let real features show through. Facial expressions should range from over-the-top silliness (mouth wide open, exaggerated grins) to more playful or proud poses. Keep the original composition and spacing of the group. Set the background in a darkened party hall with ultraviolet lights and glowing Halloween props. Ensure a consistent lighting and rendering style across the scene.;https://leeveostockage.s3.eu-west-3.amazonaws.com/style/halloween_group_skeletons.jpg;
halloween-expressions-series;Transformations Halloween – Expressions Variées;Déguisements d’Halloween photoréalistes avec expressions faciales variées et cohérence d’identité;Famille des Chapeaux Pointus;g;pointy_hat_witches;Groupe de sorciers/sorcières joyeux avec chapeaux magiques et grimoires;Use the attached image as accurate reference for every face. Keep all individual facial details intact. Dress each person in a unique witch or wizard costume with pointy hats, cloaks, and magical emblems. Add accessories like flying books, glowing wands, or potions in hand. Vary facial expressions within the group: some joyful and silly, others quietly mischievous or curious. Place them in a colorful mystical library or enchanted classroom filled with candles, floating scrolls, and magical orbs. Maintain original body posture, spacing, and group composition. Ensure identity fidelity with sharp rendering and soft magical lighting.;https://leeveostockage.s3.eu-west-3.amazonaws.com/style/halloween_group_witches.jpg;
halloween-expressions-series;Transformations Halloween – Expressions Variées;Déguisements d’Halloween photoréalistes avec expressions faciales variées et cohérence d’identité;Monstres Mignons du Quartier;g;cute_monsters;Groupe costumés en petits monstres adorables dans une rue animée d’Halloween;Use the attached image as accurate reference for every face. Keep the full facial identity and head angle of each group member. Transform everyone into uniquely designed cute Halloween monsters: fuzzy onesies, pastel horns, glowing eyes, tiny claws, or slime patterns. Facial expressions should show childish energy: funny grimaces, laughter, mock-growls. Maintain the original layout and group dynamics. Background should be a joyful suburban Halloween night scene with candy trails, inflatable decorations, and costumed kids running in the distance. Render textures, lighting, and ambient shadows realistically while keeping character identity clearly readable.;https://leeveostockage.s3.eu-west-3.amazonaws.com/style/halloween_group_monsters.jpg;
halloween-expressions-series;Transformations Halloween – Expressions Variées;Déguisements d’Halloween photoréalistes avec expressions faciales variées et cohérence d’identité;Clowns Fous d’Halloween;g;halloween_silly_clowns;Clowns loufoques dans un décor de foire illuminée, expressions absurdes;Use the attached image as accurate reference for every face. Preserve the facial structure and identity of each person. Dress the entire group in colorful Halloween clown outfits: striped overalls, oversized shoes, balloon hats, and polka-dotted ties. Apply vibrant clown makeup with exaggerated features but allow real skin texture to show. Add silly facial expressions to each: tongue out, wide grins, surprised eyes, or cross-eyed glances. Set the background in a night carnival with broken lights, foggy booths, and oversized candy props. Maintain composition and perspective of the original image. Focus on consistent lighting, realism in makeup textures, and emotion clarity.;https://leeveostockage.s3.eu-west-3.amazonaws.com/style/halloween_group_clowns.jpg;
halloween-expressions-series;Transformations Halloween – Expressions Variées;Déguisements d’Halloween photoréalistes avec expressions faciales variées et cohérence d’identité;Épouvantails du Champ Magique;g;scarecrow_group;Groupe déguisé en épouvantails joyeux dans un champ au crépuscule;Use the attached image as accurate reference for every face. Preserve the full facial identity and unique expression of each person in the group. Transform each individual into a whimsical scarecrow character: patchwork clothing, burlap textures, stitched straw hats, and loose rope accessories. Add subtle face paint: stitched smiles, rosy cheeks, and light smudges of dirt—but keep facial structures clearly recognizable. Facial expressions should vary from playful surprise to mischievous smirks. Set the background in a golden cornfield at dusk, with pumpkins, birds on posts, and floating embers in the air. Maintain photorealistic skin texture, consistent group composition, and soft autumn lighting across the entire image.;https://leeveostockage.s3.eu-west-3.amazonaws.com/style/halloween_group_scarecrows.jpg;
halloween-expressions-series;Transformations Halloween – Expressions Variées;Déguisements d’Halloween photoréalistes avec expressions faciales variées et cohérence d’identité;Famille de Monstres Mignons;g;cute_monster_family;Groupe familial transformé en monstres doux et colorés avec expressions variées;Use the attached image as accurate reference for every face. Preserve the identity, facial structure, and emotional expression of each person in the group. Transform each individual into a unique cute monster: fluffy or scaly textures, colorful horns, soft claws, googly eyes, and patterned bodysuits. Allow face paint or masks to complement rather than cover facial features. Expressions should range from wide silly grins to gentle curiosity. Set the scene in a playful Halloween night street filled with candy buckets, monster-themed decorations, and glowing lanterns. Keep the original composition and body posture. Render high-detail textures on both skin and costume, ensuring realism and identity retention.;https://leeveostockage.s3.eu-west-3.amazonaws.com/style/halloween_family_monsters.jpg;
clown-transformations-group;Transformations Clowns Réalistes;Ajout de maquillage de clown photoréaliste à un groupe de personnes tout en conservant l'identité faciale;Clown Classique;g;classic_clown;Maquillage blanc, nez rouge, yeux colorés, style cirque traditionnel;Use the attached image as accurate reference for all faces. Maintain exact facial features, expression, skin tone, and hairstyle for each individual in the group. Do not change the position or orientation of any subject. Apply detailed, photorealistic clown makeup to each person: white foundation, red round nose, colorful eyeshadow, blue and red painted eyebrows, and lips exaggerated into a friendly smile. Vary makeup slightly per person to preserve uniqueness. Keep the original group composition, lighting, and background intact. Ensure full character consistency—every person should remain instantly recognizable with added clown makeup only. Use realistic blending of paint on the skin, preserving all skin texture and lighting dynamics.;https://leeveostockage.s3.eu-west-3.amazonaws.com/style/clown_classic.jpg;
clown-transformations-group;Transformations Clowns Réalistes;Ajout de maquillage de clown photoréaliste à un groupe de personnes tout en conservant l'identité faciale;Clown Effrayant;g;scary_clown;Clown d’horreur avec maquillage craqué et regard menaçant;Use the attached image as accurate reference for all faces. Preserve the exact facial identity, proportions, and expression of each person. Keep hairstyles and clothing unchanged. Apply eerie horror clown makeup: cracked white foundation, dark smudged eyes, red paint running from the mouth into sharp smile extensions, blackened nose tip. Each individual should appear sinister but still instantly recognizable. Maintain original lighting and composition. Emphasize realistic skin detail and shadow falloff under the makeup. Avoid changing background or posture. Character consistency across all edits is mandatory—transform the look, not the identity.;https://leeveostockage.s3.eu-west-3.amazonaws.com/style/clown_horror.jpg;
clown-transformations-group;Transformations Clowns Réalistes;Ajout de maquillage de clown photoréaliste à un groupe de personnes tout en conservant l'identité faciale;Clown Glam Pop;g;glam_clown;Clown moderne inspiré du glam rock, avec paillettes et motifs symétriques;Use the attached image as accurate reference for the face of each group member. Do not alter facial structure, expression, or skin tone. Apply glamorous clown makeup inspired by glam rock: metallic eyeshadow in gold and purple, symmetrical star shapes around the eyes, a silver diamond on the forehead, and glossy red lips. Add subtle glitter overlay on cheeks. Preserve all face proportions and lighting. Maintain original clothing, hairstyle, and photo composition. The clown styling must enhance the subject visually without distorting identity. Photorealistic rendering with emphasis on texture realism and light behavior across makeup.;https://leeveostockage.s3.eu-west-3.amazonaws.com/style/clown_glam.jpg;
clown-transformations-group;Transformations Clowns Réalistes;Ajout de maquillage de clown photoréaliste à un groupe de personnes tout en conservant l'identité faciale;Clown de Carnaval;g;carnival_clown;Clown joyeux avec maquillage coloré et ambiance festive;Use the attached image as accurate reference for every person’s face. Retain all facial features, proportions, and expressions with absolute consistency. Add vibrant, festive clown makeup: rainbow-colored designs across the cheeks, bright stars under the eyes, red heart-shaped nose, and yellow accents near the temples. Maintain the original composition, lighting direction, and skin detail. Ensure makeup appears realistically applied with visible texture blending into the skin. Background and clothing remain untouched. Identity clarity is essential—faces must remain fully recognizable with colorful clown enhancement only.;https://leeveostockage.s3.eu-west-3.amazonaws.com/style/clown_carnival.jpg;
clown-transformations-group;Transformations Clowns Réalistes;Ajout de maquillage de clown photoréaliste à un groupe de personnes tout en conservant l'identité faciale;Clown Triste Poétique;g;sad_poetic_clown;Clown mélancolique avec maquillage minimaliste noir et blanc;Use the attached image as accurate reference for each face. Keep all facial identity traits, including emotion, skin tone, eye shape, and mouth curvature. Add poetic sad clown makeup in black and white: pale skin wash, dark downward teardrops under each eye, subtle linework across eyebrows, and a faint, downturned mouth painted below the lips. Do not alter the posture, background, or hairstyle. The entire image should remain grounded in photorealism, with makeup applied like authentic face paint. Each person must stay fully identifiable, with expressive melancholy reflected through detailed makeup only.;https://leeveostockage.s3.eu-west-3.amazonaws.com/style/clown_sad.jpg;
clown-transformations-group;Transformations Clowns Réalistes;Ajout de maquillage de clown photoréaliste à un groupe de personnes tout en conservant l'identité faciale;Clown de Cirque Enchanté;g;circus_clown;Clown exubérant dans un chapiteau magique, costume à volants et lumière colorée;Use the attached image as accurate reference for all faces. Maintain each person’s unique facial identity, structure, and expression. Dress each subject in a vibrant, traditional circus clown outfit with oversized buttons, striped pants, frilled collars, and pointed hats. Add colorful face paint: blue stars, red cheeks, white base with exaggerated expressions. Background should be a magical circus tent interior, lit by colorful spotlights and decorative string lights. Add props like balloons and juggling pins. Each subject should exhibit a unique silly or joyful expression. Ensure realism in fabric texture, lighting on faces, and painted details, while preserving identity and composition.;https://leeveostockage.s3.eu-west-3.amazonaws.com/style/clown_circus.jpg;
clown-transformations-group;Transformations Clowns Réalistes;Ajout de maquillage de clown photoréaliste à un groupe de personnes tout en conservant l'identité faciale;Clown de la Ville-Lumière;g;urban_clown;Clown urbain extravagant dans un décor nocturne parisien avec néons;Use the attached image as accurate reference for all faces. Keep facial identity, structure, and skin tone intact. Style each person as a flamboyant urban clown: sleek multicolored blazers, shimmering bow ties, and oversized shoes. Apply elegant, asymmetrical clown makeup with glitter highlights and artistic eyeliner strokes. Change the background to a vibrant night-time Paris street scene with wet cobblestones, glowing neon signs, and distant traffic lights. Add dynamic expressions: extreme joy, laughing mid-motion, open arms. Maintain a photorealistic look with crisp contrast and atmospheric reflections, while ensuring every face remains clearly identifiable.;https://leeveostockage.s3.eu-west-3.amazonaws.com/style/clown_paris.jpg;
clown-transformations-group;Transformations Clowns Réalistes;Ajout de maquillage de clown photoréaliste à un groupe de personnes tout en conservant l'identité faciale;Clown de Villa Post-Apocalyptique;g;apocalypse_clown;Clown délirant au cœur d’une ruine post-apocalyptique;Use the attached image as accurate reference for all faces. Preserve full character consistency and facial features. Transform each person into a chaotic post-apocalyptic clown: torn colorful outfits mixed with armor pieces, gas masks hanging from belts, weathered gloves. Apply chaotic face paint: black tears, asymmetrical smears, cracked white foundation. Change the background to a ruined villa with fire-lit skies, broken neon signs, and debris-filled streets. Add extreme facial expressions: manic joy, creepy smiles, wild stares. Keep lighting directional and realistic with dust and ambient smoke. Maintain the composition and pose while transforming environment and attire completely.;https://leeveostockage.s3.eu-west-3.amazonaws.com/style/clown_apocalypse.jpg;
clown-transformations-group;Transformations Clowns Réalistes;Ajout de maquillage de clown photoréaliste à un groupe de personnes tout en conservant l'identité faciale;Clown Grotesque et Grotesquement Heureux;g;grotesque_happy_clown;Clown grotesque avec exagération des traits, éclats de rire et arrière-plan coloré;Use the attached image as accurate reference for all faces. Preserve exact identity and face structure. Style each person with hyper-exaggerated clown costumes: oversized polka-dot jumpsuits, giant rainbow wigs, spinning bow ties. Apply intense, loud face paint with surreal proportions but keep the real face shape and skin tone underneath. Set the background as a psychedelic carnival with rainbow tents, giant lollipops, and spinning wheels. Each person should have an exaggerated silly expression: wide open mouth, tongue out, raised eyebrows. Emphasize absurdity without losing facial recognition. Realistic rendering with strong contrast, soft edges on makeup, and crisp detail in costume fabric.;https://leeveostockage.s3.eu-west-3.amazonaws.com/style/clown_grotesque.jpg;
clown-transformations-group;Transformations Clowns Réalistes;Ajout de maquillage de clown photoréaliste à un groupe de personnes tout en conservant l'identité faciale;Clown Cyber-Détraqué;g;cyber_clown;Clown futuriste avec circuits lumineux, glitchs visuels et ambiance dystopique;Use the attached image as accurate reference for all faces. Preserve exact facial features, expressions, and proportions of each individual. Style each person as a cyber-clown: neon-accented bodysuits with chrome textures, glowing circuit patterns across the clothing, and headwear shaped like digital jester hats. Apply high-tech clown makeup: glowing eyeshadow, digital face tattoos, geometric shapes in cyan, magenta, and green. Replace the background with a glitchy urban cyberpunk alley lit by holographic signs, rain-slicked surfaces, and data streams in mid-air. Add screen-like reflections on faces and metallic makeup sheens. Each subject should show expressions of joy, madness, or playful defiance. Maintain full identity recognition with photorealistic digital blending and neon lighting effects.;https://leeveostockage.s3.eu-west-3.amazonaws.com/style/clown_cyber.jpg;
superheroes-transformation;Transformations Super-Héros;Transformations visuelles de personnages en super-héros avec fond thématique et visage d'origine;Héros Classique;g;classic_superhero;Héros rouge et bleu volant au-dessus des gratte-ciels;Use attached image as accurate reference for the face. Make this person look like a superhero in a green and pink suit with cape, flying above a city skyline. Backgrounded by a city with tall skyscrapers and cloudy sky.;https://leeveostockage.s3.eu-west-3.amazonaws.com/style/classic_hero.jpg;
superheroes-transformation;Transformations Super-Héros;Transformations visuelles de personnages en super-héros avec fond thématique et visage d'origine;Héros Futuriste;g;futuristic_armor_hero;Super-héros en armure high-tech avec lignes lumineuses;Use attached image as accurate reference for the face. the camera focus on the half body of the person .  Turn this person into a futuristic armored superhero with glowing blue energy lines. Backgrounded by a neon-lit cyberpunk city.;https://leeveostockage.s3.eu-west-3.amazonaws.com/style/futuristic_hero.jpg;
superheroes-transformation;Transformations Super-Héros;Transformations visuelles de personnages en super-héros avec fond thématique et visage d'origine;Vigilante Nocturne;g;night_vigilante;Héros masqué sur un toit sous la pluie;Use attached image as accurate reference for the face. the camera focus on the half body of the person. Transform this person into a masked vigilante with a black suit and cape. Backgrounded by a stormy rooftop with thunder and lightning.;https://leeveostockage.s3.eu-west-3.amazonaws.com/style/night_vigilante.jpg;
superheroes-transformation;Transformations Super-Héros;Transformations visuelles de personnages en super-héros avec fond thématique et visage d'origine;Héros de la Vitesse;g;speedster_flash;Héros courant à toute vitesse avec traînées électriques;Use attached image as accurate reference for the face. the camera focus on the half body of the person , high range contrast , cinematic shot . Reimagine this person as a ultra fast superhero mid-run with motion blur and electric trails. wearing a green suits .Backgrounded by a blurred urban street at night.;https://leeveostockage.s3.eu-west-3.amazonaws.com/style/speedster.jpg;
superheroes-transformation;Transformations Super-Héros;Transformations visuelles de personnages en super-héros avec fond thématique et visage d'origine;Héros Cosmique;g;cosmic_space_hero;Super-héros flottant dans l’espace avec lumière cosmique;Use attached image as accurate reference for the face. the camera focus on the half body of the person , high range contrast , cinematic shot .Make this person float in space like a cosmic superhero glowing with stardust. Backgrounded by galaxies, planets and deep space.;https://leeveostockage.s3.eu-west-3.amazonaws.com/style/cosmic_hero.jpg;
superheroes-transformation;Transformations Super-Héros;Transformations visuelles de personnages en super-héros avec fond thématique et visage d'origine;Héros Magique;g;mystic_magic_hero;Héros magique avec symboles anciens et cape flottante;Use attached image as accurate reference for the face.the camera focus on the half body of the person , high range contrast , cinematic shot . Create a magical hero with glowing symbols and floating cloak. Backgrounded by a swirling portal and mystical runes.;https://leeveostockage.s3.eu-west-3.amazonaws.com/style/magic_hero.jpg;
superheroes-transformation;Transformations Super-Héros;Transformations visuelles de personnages en super-héros avec fond thématique et visage d'origine;Héros Aquatique;g;underwater_hero;Héros sous-marin nageant avec armure fluide;Use attached image as accurate reference for the face. the camera focus on the half body of the person , high range contrast , cinematic shot .Turn this person into an aquatic superhero with fins and underwater armor. Backgrounded by an ocean trench with glowing corals.A shark with open mouse is behind the person . ;https://leeveostockage.s3.eu-west-3.amazonaws.com/style/water_hero.jpg;
ultrarealistic-face-scenes;Scene Impossibles in real life ;Scenes impossibles avec des visages ultra-réalistes;Skatepark après la pluie;g;skatepark_postrain;Portrait après la pluie dans un skatepark couvert de graffitis;Use attached image as accurate reference for the face. make this as A digital photo in ultra-realistic style, in UHD 8K quality, very clear and detailed, as if shot with an iPhone 15 Pro Max in Cinema Portrait mode. The camera is pointed straight at the subject. The focus is on a person (Use attached image as accurate reference for the face.), sitting relaxed on a tilted concrete ledge in a graffiti-covered skatepark. Puddles and wet ramps surround the scene. They're wearing a navy windbreaker, ripped jeans, and beat-up skate shoes. They hold a cracked phone in one hand and a half-melted popsicle in the other. A mischievous 3D Pixar-style raccoon is next to them, mimicking the same posture with crossed arms. The light is soft and silver, filtered by lingering clouds after the rain. Background shows bent railings, a wet ramp and faded skate stickers. Reflections of both are visible in a puddle, along with a blurred neon arrow sign.;https://leeveostockage.s3.eu-west-3.amazonaws.com/style/skatepark_postrain.jpg;
ultrarealistic-face-scenes;Scene Impossibles in real life ;Scenes impossibles avec des visages ultra-réalistes;Café rétro de nuit;g;retro_diner_night;Portrait stylisé dans un café rétro sous une pluie fine;Use attached image as accurate reference for the face. make this as A digital photo in ultra-realistic style, in UHD 8K quality, very clear and detailed, as if shot with an iPhone 15 Pro Max in Cinema Portrait mode. The camera is pointed straight at the subject. The focus is on a person (Use attached image as accurate reference for the face.), sitting at a booth in a retro diner, next to a rain-streaked window with neon reflections. They're wearing a red varsity jacket, white shirt, and vintage blue jeans. They stir a cup of coffee while gazing out the window. A 3D Pixar-style cat sits across the booth, mirroring their hand on chin pose, with a small umbrella next to it. The floor is shiny with rain residue, and soft diner jazz music colors the mood. Blurred neon reads 'OPEN 24/7' in the window.;https://leeveostockage.s3.eu-west-3.amazonaws.com/style/retro_diner_night.jpg;
ultrarealistic-face-scenes;Scene Impossibles in real life ;Scenes impossibles avec des visages ultra-réalistes;Bibliothèque Futuriste;g;futuristic_library_scene;Portrait dans une bibliothèque high-tech sous éclairage LED;Use attached image as accurate reference for the face. make this as A digital photo in ultra-realistic style, in UHD 8K quality, very clear and detailed, as if shot with an iPhone 15 Pro Max in Cinema Portrait mode. The camera is pointed straight at the subject. The focus is on a person (Use attached image as accurate reference for the face.), sitting calmly in a chrome and glass library with neon-blue light strips. They’re wearing a long dark coat with subtle holographic patterns, sleek glasses, and minimalist black sneakers. One hand holds a floating transparent tablet, while the other is under the chin. A small 3D Pixar-style owl hovers nearby, projecting holographic shapes. The bookshelves around them glow with soft embedded lights, and reflections flicker across the polished floor.;https://leeveostockage.s3.eu-west-3.amazonaws.com/style/futuristic_library.jpg;
ultrarealistic-face-scenes;Scene Impossibles in real life ;Scenes impossibles avec des visages ultra-réalistes;Jungle Dinosaure;;jungle_dinosaur_chase;Course dans la jungle, poursuivi par un dinosaure;Use attached image as accurate reference for the face. make this as A digital photo in ultra-realistic style, in UHD 8K quality, very clear and detailed, as if shot with an iPhone 15 Pro Max in Cinema Portrait mode. The camera is pointed straight at the subject. The focus is on a person (Use attached image as accurate reference for the face.), running through a dense jungle trail, rain-soaked leaves brushing past, pursued by a giant roaring velociraptor in the background. They're wearing a ripped hoodie and muddy sneakers, their expression a mix of panic and thrill. The jungle is foggy and cinematic, with birds fleeing the treetops and heavy breathing in the atmosphere.;https://leeveostockage.s3.eu-west-3.amazonaws.com/style/jungle_dinosaur.jpg;
ultrarealistic-face-scenes;Scene Impossibles in real life ;Scenes impossibles avec des visages ultra-réalistes;Terrain de Foot Boueux;;muddy_football_match;Scne sous la pluie sur un terrain de football boueux;Use attached image as accurate reference for the face. make this as A digital photo in ultra-realistic style, in UHD 8K quality, very clear and detailed, as if shot with an iPhone 15 Pro Max in Cinema Portrait mode. The camera is pointed straight at the subject. The focus is on the front of the person (Use attached image as accurate reference for the face.), standing in the middle of a muddy football field under heavy rain. Their white T-shirt is soaked and covered in mud splashes. They hold a deflated ball, hair dripping wet, while a 3D Pixar-style dog mascot jumps beside them covered in mud too. The goalposts are barely visible in the foggy, soaked background.;https://leeveostockage.s3.eu-west-3.amazonaws.com/style/football_mud.jpg;
ultrarealistic-face-scenes;Scene Impossibles in real life ;Scenes impossibles avec des visages ultra-réalistes;Scne Créative 4;;creative_scene_4;Scne creative ultra-realiste numero 4;Use attached image as accurate reference for the face. make this as A digital photo in ultra-realistic style, in UHD 8K quality, very clear and detailed, as if shot with an iPhone 15 Pro Max in Cinema Portrait mode. The camera is pointed straight at the subject. The focus is on the half body of the person (Use attached image as accurate reference for the face.), performing a cinematic action scene number 4 in a surreal environment with rain, debris, neon lights or fog. A 3D Pixar-style character joins the moment with a humorous pose or reaction the 3d caracter looks like the person . Their clothes are soaked, tousled, or dirtied, matching the atmosphere. The composition emphasizes depth, emotion, and cinematic style.;https://leeveostockage.s3.eu-west-3.amazonaws.com/style/creative_scene_4.jpg;
ultrarealistic-face-scenes;Scene Impossibles in real life ;Scenes impossibles avec des visages ultra-réalistes;Rue Japonaise et Chat Affamé;g;tokyo_cat_chase;Chassé dans une ruelle japonaise par un chat affamé;Use attached image as accurate reference for the face. make this as A digital photo in ultra-realistic style, in UHD 8K quality, very clear and detailed, as if shot with an iPhone 15 Pro Max in Cinema Portrait mode. The camera is pointed straight at the subject. The focus is on a person (Use attached image as accurate reference for the face.), sprinting down a neon-lit alley in Tokyo at night. A huge 3D Pixar-style street cat with exaggerated silly expression chases from behind, paws outstretched. The person is wearing a damp hoodie and clutching a half-eaten fish bun. Neon signs reflect off the wet pavement, and manga posters flap in the wind.;https://leeveostockage.s3.eu-west-3.amazonaws.com/style/japan_cat.jpg;
ultrarealistic-face-scenes;Scene Impossibles in real life ;Scenes impossibles avec des visages ultra-réalistes;Café Rétro sous la Pluie;g;retro_diner_scene;Scène calme dans un café rétro avec pluie en arrière-plan;Use attached image as accurate reference for the face. make this as A digital photo in ultra-realistic style, in UHD 8K quality, very clear and detailed, as if shot with an iPhone 15 Pro Max in Cinema Portrait mode. The camera is pointed straight at the subject. The focus is on the half body of the person (Use attached image as accurate reference for the face.), sitting alone at a diner booth by the window, steam rising from their coffee. Outside, rain streaks the glass. Neon reflections paint their face. A 3D Pixar-style frog with a napkin is seated across, copying their pose. The mood is quiet, cinematic, with soft jazz atmosphere.;https://leeveostockage.s3.eu-west-3.amazonaws.com/style/retro_diner_night002.jpg;
ultrarealistic-face-scenes;Scene Impossibles in real life ;Scenes impossibles avec des visages ultra-réalistes;Parking OVNI;g;ufo_parking_scene;Un OVNI apparaît dans un parking de nuit;Use attached image as accurate reference for the face. make this as A digital photo in ultra-realistic style, in UHD 8K quality, very clear and detailed, as if shot with an iPhone 15 Pro Max in Cinema Portrait mode. The camera is pointed straight at the subject. The focus is on the half body of the  person (Use attached image as accurate reference for the face.), standing in an empty supermarket parking lot at night, looking up in awe. Above them, a huge UFO glows, beaming a light cone. Their hoodie flaps in the wind. A ultra-realistic alien hangs from their backpack. The asphalt is wet and full of reflections.;https://leeveostockage.s3.eu-west-3.amazonaws.com/style/ufo_parking.jpg;
ultrarealistic-face-scenes;Scene Impossibles in real life ;Scenes impossibles avec des visages ultra-réalistes;Foire Abandonnée;g;abandoned_fairground;Seul dans une foire abandonnée au coucher du soleil;Use attached image as accurate reference for the face. make this as A digital photo in ultra-realistic style, in UHD 8K quality, very clear and detailed, as if shot with an iPhone 15 Pro Max in Cinema Portrait mode. The camera is pointed straight at the subject. The focus is on the half body of the  person (Use attached image as accurate reference for the face.), walking through an abandoned fairground, surrounded by broken rides and faded colors. A ultra-giant 3D Pixar-style teddy bear floats on a balloon nearby. The sky is dark orange, and puddles shimmer with twilight hues.;https://leeveostockage.s3.eu-west-3.amazonaws.com/style/fairground_abandoned.jpg;
ultrarealistic-face-scenes;Scene Impossibles in real life ;Scenes impossibles avec des visages ultra-réalistes;Atelier d’Artiste;g;art_studio_chaos;Atelier d'art en désordre, ambiance créative;Use attached image as accurate reference for the face. make this as A digital photo in ultra-realistic style, in UHD 8K quality, very clear and detailed, as if shot with an iPhone 15 Pro Max in Cinema Portrait mode. The camera is pointed straight at the subject. The focus is on a person (Use attached image as accurate reference for the face.), sitting cross-legged in a messy art studio, surrounded by paint tubes, sketches, and canvases. Their shirt is stained with color. A 3D Pixar-style mouse is holding a tiny paintbrush, copying them. Light beams through dusty windows.;https://leeveostockage.s3.eu-west-3.amazonaws.com/style/art_studio.jpg;
ultrarealistic-face-scenes;Scene Impossibles in real life ;Scenes impossibles avec des visages ultra-réalistes;Métro Bondé;g;crowded_subway_pixar;Scène stylisée dans un métro bondé;Use attached image as accurate reference for the face. make this as A digital photo in ultra-realistic style, in UHD 8K quality, very clear and detailed, as if shot with an iPhone 15 Pro Max in Cinema Portrait mode. The camera is pointed straight at the subject. The focus is on a person (Use attached image as accurate reference for the face.), crushed in a crowded subway train, gripping a pole. Graffiti and stickers cover the walls. A 3D Pixar-style cat peeks out from a backpack. The interior is chaotic, colorful, yet cinematic.;https://leeveostockage.s3.eu-west-3.amazonaws.com/style/crowded_subway.jpg;
villes-iconiques;Collection Villes Iconiques;Styles inspirés des grandes villes et métropoles du monde;New York Nocturne;g;new_york_night;Vue nocturne de New York avec gratte-ciels illuminés et taxis jaunes;Make this into a night view of New York City with glowing skyscrapers, yellow taxis, and Times Square lights.;https://leeveostockage.s3.eu-west-3.amazonaws.com/style/new_york_night.jpg;1
villes-iconiques;Collection Villes Iconiques;Styles inspirés des grandes villes et métropoles du monde;Paris Rêveur;g;dreamy_paris;Rue parisienne de rêve avec la Tour Eiffel en arrière-plan;Make this into a dreamy Parisian street with the Eiffel Tower in the distance, vintage cafés, and golden hour light.;https://leeveostockage.s3.eu-west-3.amazonaws.com/style/dreamy_paris.jpg;1
villes-iconiques;Collection Villes Iconiques;Styles inspirés des grandes villes et métropoles du monde;Tokyo Animé;g;tokyo_alley;Ruelle animée de Tokyo avec enseignes néon et distributeurs automatiques;Make this into a bustling Tokyo alleyway with neon signs;https://leeveostockage.s3.eu-west-3.amazonaws.com/style/tokyo_alley.jpg;1
villes-iconiques;Collection Villes Iconiques;Styles inspirés des grandes villes et métropoles du monde;Rio Ensoleillé;g;rio_beach;Plage de Rio avec le Christ Rédempteur surplombant Copacabana;Make this into a Rio de Janeiro beach scene with Christ the Redeemer towering above and a lively Copacabana.;https://leeveostockage.s3.eu-west-3.amazonaws.com/style/rio_beach.jpg;1
villes-iconiques;Collection Villes Iconiques;Styles inspirés des grandes villes et métropoles du monde;Rome Antique;g;rome_sunset;Vue majestueuse de Rome avec ruines antiques et Colisée au coucher du soleil;Make this into a majestic view of Rome with ancient ruins.;https://leeveostockage.s3.eu-west-3.amazonaws.com/style/rome_sunset.jpg;1
villes-iconiques;Collection Villes Iconiques;Styles inspirés des grandes villes et métropoles du monde;Los Angeles Sunset;g;la_sunset;Coucher de soleil à Los Angeles avec palmiers et signe Hollywood;Make this into a Los Angeles sunset with palm trees.;https://leeveostockage.s3.eu-west-3.amazonaws.com/style/la_sunset.jpg;1
villes-iconiques;Collection Villes Iconiques;Styles inspirés des grandes villes et métropoles du monde;Istanbul Historique;g;istanbul_twilight;Rue historique d'Istanbul avec dômes et minarets au crépuscule;Make this into a historic Istanbul ;https://leeveostockage.s3.eu-west-3.amazonaws.com/style/istanbul_twilight.jpg;1
villes-iconiques;Collection Villes Iconiques;Styles inspirés des grandes villes et métropoles du monde;Berlin Urbain;g;berlin_wall;Scène de graffiti du mur de Berlin avec textures post-industrielles;Make this into a Berlin wall graffiti scene with post-industrial textures, murals, and urban cool.;https://leeveostockage.s3.eu-west-3.amazonaws.com/style/berlin_wall.jpg;1
villes-iconiques;Collection Villes Iconiques;Styles inspirés des grandes villes et métropoles du monde;Bangkok Nocturne;g;bangkok_night;Marché nocturne animé de Bangkok avec lanternes et tuk-tuks;Make this into a lively Bangkok night market with lanterns, tuk-tuks, street food stalls, and vibrant signs.;https://leeveostockage.s3.eu-west-3.amazonaws.com/style/bangkok_night.jpg;1
villes-iconiques;Collection Villes Iconiques;Styles inspirés des grandes villes et métropoles du monde;Moscou Enneigée;g;snowy_moscow;Vue enneigée de Moscou avec la Cathédrale Saint-Basile et rues glacées;Make this into a snowy view of Moscow ;https://leeveostockage.s3.eu-west-3.amazonaws.com/style/snowy_moscow.jpg;1
villes-iconiques;Collection Villes Iconiques;Styles inspirés des grandes villes et métropoles du monde;Mumbai Vivant;g;vibrant_mumbai;Rue vibrante de Mumbai avec rickshaws, saris colorés et affiches Bollywood;Make this into a vibrant Mumbai street with honking rickshaws.;https://leeveostockage.s3.eu-west-3.amazonaws.com/style/vibrant_mumbai.jpg;1
villes-iconiques;Collection Villes Iconiques;Styles inspirés des grandes villes et métropoles du monde;Séoul Moderne;g;seoul_crosswalk;Passage piéton animé de Séoul avec panneaux numériques et bâtiments modernes;Make this into a busy Seoul crosswalk with digital billboards.;https://leeveostockage.s3.eu-west-3.amazonaws.com/style/seoul_crosswalk.jpg;1
villes-iconiques;Collection Villes Iconiques;Styles inspirés des grandes villes et métropoles du monde;La Havane Classique;g;havana_street;Scène de rue classique de La Havane avec bâtiments coloniaux pastel et voitures vintage;Make this into a classic Havana street scene with pastel colonial buildings, vintage cars, and tropical light.;https://leeveostockage.s3.eu-west-3.amazonaws.com/style/havana_street.jpg;1
montages-creatifs;Collection Montages Créatifs;Styles artistiques combinant plusieurs versions de la même image dans une mise en page graphique;Triptyque Artistique;g;collage_triptych;Trois versions visuelles du sujet côte à côte : réaliste, abstrait, noir et blanc;Make this as a triptych featuring the same person in three vertical panels. Each panel shows a different artistic style: one realistic, one abstract with bold colors, and one in black & white grain. Keep lighting consistent across all versions.;https://leeveostockage.s3.eu-west-3.amazonaws.com/style/collage_triptych.jpg;1
montages-creatifs;Collection Montages Créatifs;Styles artistiques combinant plusieurs versions de la même image dans une mise en page graphique;Modern vs Classique;g;collage_split_modern_classic;Portrait divisé en deux : moitié réaliste moderne, moitié peinture classique;Split the image vertically: the left half is modern and photorealistic, while the right half appears hand-painted like a Renaissance portrait. Ensure seamless blending at the center, with different color tones and textures for contrast.;https://leeveostockage.s3.eu-west-3.amazonaws.com/style/collage_split.jpg;1
montages-creatifs;Collection Montages Créatifs;Styles artistiques combinant plusieurs versions de la même image dans une mise en page graphique;Pop Art Quad;g;collage_pop_art_repeat;Quatre versions du portrait en style pop art à la Warhol;make this Creating a 2x2 grid inspired by Andy Warhol. Repeat in four squares, each one recolored with high-contrast pop art palettes: pink/yellow, blue/orange, green/red, black/white. Use flat, bold tones and minimal shading.;https://leeveostockage.s3.eu-west-3.amazonaws.com/style/collage_pop_art.jpg;1
montages-creatifs;Collection Montages Créatifs;Styles artistiques combinant plusieurs versions de la même image dans une mise en page graphique;Style Miroir Inversé;g;collage_mirror_effect;Reflet inversé avec version alternative (grunge, bruitée, colorée);Create a mirrored version , where the reflection shows a different version. Top: clean studio photo. Bottom (inverted): grungy distressed style with noise, scratches, and altered colors. Create a visual contrast between clean and chaos.;https://leeveostockage.s3.eu-west-3.amazonaws.com/style/collage_mirror.jpg;1
montages-creatifs;Collection Montages Créatifs;Styles artistiques combinant plusieurs versions de la même image dans une mise en page graphique;Visage en Puzzle;g;collage_puzzle_face;Visage reconstitué avec pièces de puzzle manquantes ou stylisées;make this as if made of puzzle pieces. Some areas show clean realistic portrait, others missing or replaced with abstract textures like clouds, circuit boards, or floral patterns. Add subtle shadows between pieces.;https://leeveostockage.s3.eu-west-3.amazonaws.com/style/collage_puzzle.jpg;1
montages-creatifs;Collection Montages Créatifs;Styles artistiques combinant plusieurs versions de la même image dans une mise en page graphique;Style Graffiti & Pochoir;g;collage_stencil_graffiti;Superposition de tags, peintures pochoir et visuel urbain brut;Overlay the image with graffiti textures, stencil-style portraits, and sprayed paint effects. Use high-contrast black and white with splashes of color. Add rough brick or concrete background with street art layering.;https://leeveostockage.s3.eu-west-3.amazonaws.com/style/collage_graffiti.jpg;1
montages-creatifs;Collection Montages Créatifs;Styles artistiques combinant plusieurs versions de la même image dans une mise en page graphique;Démultiplication Dynamique;g;collage_motion_repeat;Sujet répété en plusieurs poses avec effet de mouvement stylisé;make this multiple silhouettes of the same subject in dynamic motion. Apply different visual effects on each ghosted duplicate: blur, glitch, colored shadow, freeze-frame style. Arrange them in an arc or spread across the background.;https://leeveostockage.s3.eu-west-3.amazonaws.com/style/collage_motion.jpg;1
montages-creatifs;Collection Montages Créatifs;Styles artistiques combinant plusieurs versions de la même image dans une mise en page graphique;Cadres Découpés Superposés;g;collage_cutout_layered;Découpe de papier en couches avec effet de profondeur artistique;Design a multi-layer cutout collage with different paper textures. Show depth using shadows between cutout shapes. Each layer reveals a version of the portrait: one clean, one painted, one textured.;https://leeveostockage.s3.eu-west-3.amazonaws.com/style/collage_cutout.jpg;1
montages-creatifs;Collection Montages Créatifs;Styles artistiques combinant plusieurs versions de la même image dans une mise en page graphique;Pop Collage Magazine;g;collage_magazine_mix;Découpage style magazine avec typographies, stickers, collages;make this as a pop magazine collage using torn paper, printed headlines, doodles, and cutout shapes. Layer elements from fashion, music, emojis, and stickers. Play with bright color palettes and asymmetrical layout.;https://leeveostockage.s3.eu-west-3.amazonaws.com/style/collage_mag_cut.jpg;1
montages-creatifs;Collection Montages Créatifs;Styles artistiques combinant plusieurs versions de la même image dans une mise en page graphique;Double Interprétation;g;collage_dual_style;Deux rendus côte à côte : style cyberpunk VS naturel doré;make this Duplicating the same image side by side. Left side is rendered in cyberpunk neon style, with glowing accents and dark shadows. Right side is warm golden-hour photography, soft and natural. Keep pose identical, background adjusted for harmony.;https://leeveostockage.s3.eu-west-3.amazonaws.com/style/collage_dual.jpg;1
photo_render_effects;Effets et Rendus Photographiques;Collection de prompts qui modifient le style visuel et photographique d'une image;Instantané Polaroid;g;effect_polaroid;Ajoute un cadre Polaroid vintage avec des tons rétro;Render this image as a vintage Polaroid photo. Add a white Polaroid-style border, slightly faded retro colors, soft grain, and natural lens blur. Make the lighting look like daylight film exposure with slight warm tones.;https://leeveostockage.s3.eu-west-3.amazonaws.com/style/effect_polaroid.jpg;
photo_render_effects;Effets et Rendus Photographiques;Collection de prompts qui modifient le style visuel et photographique d'une image;Éclairage de Studio;g;effect_studio_lighting;Applique un éclairage de studio dramatique avec ombres et réflecteurs;Apply professional studio lighting with controlled highlights and deep soft shadows. Use a key light from the left and a reflector on the right for soft contrast. Background should be smooth black or grey. Hyper-realistic finish.;https://leeveostockage.s3.eu-west-3.amazonaws.com/style/effect_studio_lighting.jpg;
photo_render_effects;Effets et Rendus Photographiques;Collection de prompts qui modifient le style visuel et photographique d'une image;Éclairage Cinématographique;g;effect_cinematic;Ajoute une ambiance cinématographique avec des tons chauds et un contraste marqué;Transform the image with cinematic lighting and mood. Add soft film grain, warm color grading (orange-teal), and dramatic shadows. Simulate depth using shallow focus and a subtle vignette.;https://leeveostockage.s3.eu-west-3.amazonaws.com/style/effect_cinematic.jpg;
photo_render_effects;Effets et Rendus Photographiques;Collection de prompts qui modifient le style visuel et photographique d'une image;Objectif : Distorsion Fisheye;g;effect_fisheye;Déforme l’image avec la courbure d’un objectif fisheye;Render the image as seen through a fisheye lens. Apply wide-angle distortion, with strong curvature and center focus exaggeration. Create immersive, dynamic framing with visible edge warp.;https://leeveostockage.s3.eu-west-3.amazonaws.com/style/effect_fisheye.jpg;
photo_render_effects;Effets et Rendus Photographiques;Collection de prompts qui modifient le style visuel et photographique d'une image;Effet de Contre-Jour Lumineux;g;effect_backlit;Ajoute une lumière douce et brillante derrière le sujet;Apply a glowing backlight effect. Light source is behind the subject, creating rim light and soft atmospheric glow. Slight haze or lens flare included for dreamy silhouette style.;https://leeveostockage.s3.eu-west-3.amazonaws.com/style/effect_backlit.jpg;
photo_render_effects;Effets et Rendus Photographiques;Collection de prompts qui modifient le style visuel et photographique d'une image;Flash Vintage Surexposé;g;effect_overexposed_flash;Effet flash surexposé avec des couleurs rétro;Add a strong frontal flash with slight overexposure. Flatten shadows and give a raw snapshot aesthetic. Slight motion blur or grain optional. Retro tones and unfiltered vibe.;https://leeveostockage.s3.eu-west-3.amazonaws.com/style/effect_overexposed_flash.jpg;
photo_render_effects;Effets et Rendus Photographiques;Collection de prompts qui modifient le style visuel et photographique d'une image;Superposition de Bokeh;g;effect_bokeh_overlay;Ajoute des lumières bokeh colorées au premier et à l’arrière-plan;Overlay circular bokeh lights in foreground and background. Use soft pinks, blues, and gold tones. Maintain image focus on subject. Create romantic or dreamy atmosphere.;https://leeveostockage.s3.eu-west-3.amazonaws.com/style/effect_bokeh_overlay.jpg;
photo_render_effects;Effets et Rendus Photographiques;Collection de prompts qui modifient le style visuel et photographique d'une image;Aspect Film Analogique (35mm);g;effect_film_35mm;Applique un grain classique 35mm et des tons vintage;Transform the image to look like it was shot on Kodak Portra 400 35mm film. Add soft grain, pastel tones, mild contrast, and organic imperfections like light leaks or lens flare.;https://leeveostockage.s3.eu-west-3.amazonaws.com/style/effect_film_35mm.jpg;
photo_render_effects;Effets et Rendus Photographiques;Collection de prompts qui modifient le style visuel et photographique d'une image;Vision Infrarouge;g;effect_infrared;Simule la photographie infrarouge avec des couleurs surréalistes;Render this image as if captured with an infrared camera. Vegetation should appear pink or white, sky deep black or turquoise. Create surreal, dreamlike contrast using inverted heat mapping.;https://leeveostockage.s3.eu-west-3.amazonaws.com/style/effect_infrared.jpg;
photo_render_effects;Effets et Rendus Photographiques;Collection de prompts qui modifient le style visuel et photographique d'une image;Superposition Holographique;g;effect_holographic;Ajoute des textures et lueurs holographiques futuristes;Overlay holographic textures and glowing color shifts across the image. Use iridescent tones—purple, cyan, and silver—with shimmer effects and light diffraction. Futuristic feel, semi-transparent overlays.;https://leeveostockage.s3.eu-west-3.amazonaws.com/style/effect_holographic.jpg;
photo_render_effects;Effets et Rendus Photographiques;Collection de prompts qui modifient le style visuel et photographique d'une image;Lumière de l’Heure Dorée;g;effect_golden_hour;Simule la lumière douce et chaude du coucher de soleil;Apply golden hour lighting with soft sun flare, warm golden tones, and long soft shadows. Highlight edges of the subject with glowing ambient backlight and orange-pink color grading.;https://leeveostockage.s3.eu-west-3.amazonaws.com/style/effect_golden_hour.jpg;
photo_render_effects;Effets et Rendus Photographiques;Collection de prompts qui modifient le style visuel et photographique d'une image;Effet Miniature Tilt-Shift;g;effect_tilt_shift;Ajoute un flou tilt-shift pour simuler un effet miniature;Apply a tilt-shift effect to make the scene appear miniature. Add shallow band of focus across center, with extreme blur above and below. Slight color saturation boost enhances toy-like appearance.;https://leeveostockage.s3.eu-west-3.amazonaws.com/style/effect_tilt_shift.jpg;
photo_render_effects;Effets et Rendus Photographiques;Collection de prompts qui modifient le style visuel et photographique d'une image;Rayons de Lumière par la Fenêtre;g;effect_light_rays;Ajoute des rayons de lumière volumétriques traversant une fenêtre;Add soft, atmospheric light rays streaming through a window, dust particles suspended in air. Simulate natural ambient lighting with subtle shadows and gentle diffusion. Create a warm, poetic ambiance.;https://leeveostockage.s3.eu-west-3.amazonaws.com/style/effect_light_rays.jpg;
photo_render_effects;Effets et Rendus Photographiques;Collection de prompts qui modifient le style visuel et photographique d'une image;Lueur de Rêve Douce;g;effect_dream_glow;Ajoute un flou lumineux doux et des tons pastel;Render this image with a dreamy soft-focus glow. Add pastel pink and blue tones, low contrast, and blooming highlights. Apply a subtle glow to edges and soft vignette for an ethereal mood.;https://leeveostockage.s3.eu-west-3.amazonaws.com/style/effect_dream_glow.jpg;
photo_render_effects;Effets et Rendus Photographiques;Collection de prompts qui modifient le style visuel et photographique d'une image;Noir et Blanc Granuleux;g;effect_moody_bw;Convertit en noir et blanc contrasté avec du grain;Convert the image to high-contrast black and white. Add visible grain texture, strong shadows, and deep blacks. Emphasize emotion through harsh lighting and sharp textures, like classic photojournalism.;https://leeveostockage.s3.eu-west-3.amazonaws.com/style/effect_moody_bw.jpg;
photo_render_effects;Effets et Rendus Photographiques;Collection de prompts qui modifient le style visuel et photographique d'une image;Néon & Cyberpunk;g;effect_neon_cyberpunk;Ajoute des lumières néon et une ambiance futuriste cyberpunk;Add intense neon lighting and a cyberpunk aesthetic. Use vibrant purple, blue, and magenta tones. Glow effects, reflections, and city light ambiance. Make it feel like a futuristic sci-fi scene at night.;https://leeveostockage.s3.eu-west-3.amazonaws.com/style/effect_neon_cyberpunk.jpg;
photo_render_effects;Effets et Rendus Photographiques;Collection de prompts qui modifient le style visuel et photographique d'une image;Portrait en Double Exposition;g;effect_double_exposure;Fusionne un portrait avec des éléments naturels ou urbains;Create a double exposure effect. Blend the subject's face or silhouette with forest landscapes, city skylines, or clouds. Keep the portrait crisp with semi-transparent overlaid imagery.;https://leeveostockage.s3.eu-west-3.amazonaws.com/style/effect_double_exposure.jpg;
photo_render_effects;Effets et Rendus Photographiques;Collection de prompts qui modifient le style visuel et photographique d'une image;Projection de Motifs Lumineux;g;effect_projected_patterns;Projette des motifs géométriques ou artistiques sur le sujet;Simulate light projections of patterns onto the face or background. Use grids, text, stripes, or floral textures. The light should wrap around the contours for dramatic effect.;https://leeveostockage.s3.eu-west-3.amazonaws.com/style/effect_projected_patterns.jpg;
photo_render_effects;Effets et Rendus Photographiques;Collection de prompts qui modifient le style visuel et photographique d'une image;Aspect Caméscope Années 90;g;effect_camcorder_90s;Ajoute un flou style VHS, un timestamp et des artefacts analogiques;Render the image as if recorded with a 1990s VHS camcorder. Add timestamp in the corner, slight interlacing, grain, chromatic aberration, and a slight blue-magenta shift. Low contrast and analog blur.;https://leeveostockage.s3.eu-west-3.amazonaws.com/style/effect_camcorder_90s.jpg;
photo_render_effects;Effets et Rendus Photographiques;Collection de prompts qui modifient le style visuel et photographique d'une image;Trame de Journal Ancien;g;effect_halftone_print;Convertit l’image en texture tramée noir et blanc façon journal;Convert the image to an old halftone print like a newspaper. Black and white only. Dot-based texture, high contrast edges, slight paper grain, with minor ink misalignment artifacts.;https://leeveostockage.s3.eu-west-3.amazonaws.com/style/effect_halftone_print.jpg;
photo_render_effects;Effets et Rendus Photographiques;Collection de prompts qui modifient le style visuel et photographique d'une image;Vision Thermique;g;effect_thermal_vision;Simule la vue d’une caméra thermique détectant la chaleur;Render the image as seen through a thermal camera. Use false color scale: blue for cold areas, red and yellow for hot spots. Apply visual noise and low detail, simulating night vision.;https://leeveostockage.s3.eu-west-3.amazonaws.com/style/effect_thermal_vision.jpg;
photo_render_effects;Effets et Rendus Photographiques;Collection de prompts qui modifient le style visuel et photographique d'une image;Texture Peinture à l’Huile;g;effect_oil_painting;Transforme l’image avec des coups de pinceau et texture de toile;Transform the image into an oil painting. Use visible brush strokes, thick textures, and canvas surface grain. Colors should blend like traditional oils, with soft edges and impasto highlights.;https://leeveostockage.s3.eu-west-3.amazonaws.com/style/effect_oil_painting.jpg;
photo_render_effects;Effets et Rendus Photographiques;Collection de prompts qui modifient le style visuel et photographique d'une image;Collage Découpé Éditorial;g;effect_collage_cutout;Applique un style collage moderne avec couches de papier;Create a cutout collage style using paper textures, torn edges, layered shapes, and bold magazine-style compositions. Add shadows between layers to emphasize the 3D effect.;https://leeveostockage.s3.eu-west-3.amazonaws.com/style/effect_collage_cutout.jpg;
montages-simples;Montages Simples & Épurés;Dispositions graphiques simples avec plusieurs images encadrées, chacune filtrée par une couleur dominante ou un style minimaliste.;Trilogie Horizontale;g;simple_horizontal_triptych;3 portraits côte à côte, chacun avec un filtre de couleur différent;make this as a horizontal  . Each version uses a different monochrome filter: red, green, and blue. Keep lighting soft and minimalist.;https://leeveostockage.s3.eu-west-3.amazonaws.com/style/simple_triptych.jpg;
montages-simples;Montages Simples & Épurés;Dispositions graphiques simples avec plusieurs images encadrées, chacune filtrée par une couleur dominante ou un style minimaliste.;Carré à 4 Couleurs;g;simple_color_quadrant;Grille 2x2 avec 4 images dans des teintes pastel variées;Arrange four versions of the same image in a 2x2 grid. Each quadrant is lightly color-tinted: soft pink, mint green, sky blue, and beige. Keep clean white borders and soft contrast.;https://leeveostockage.s3.eu-west-3.amazonaws.com/style/simple_quadrant.jpg;
montages-simples;Montages Simples & Épurés;Dispositions graphiques simples avec plusieurs images encadrées, chacune filtrée par une couleur dominante ou un style minimaliste.;Bande Verticale Minimaliste;g;simple_vertical_strip;Trois images en bande verticale avec un effet film doux;Display a vertical strip of three portraits. Use the same image with subtle filters: one warm tone, one cool tone, one in grayscale. Add thin white gaps between panels for a clean layout.;https://leeveostockage.s3.eu-west-3.amazonaws.com/style/simple_vertical_strip.jpg;
montages-simples;Montages Simples & Épurés;Dispositions graphiques simples avec plusieurs images encadrées, chacune filtrée par une couleur dominante ou un style minimaliste.;Polaroids Croisés;g;simple_polaroid_stack;4 petites images en style polaroid empilées en décalé;Create four small square versions in polaroid frames, slightly rotated and overlapping. Each one has a vintage film filter: faded red, yellow hue, grainy black and white, and teal shift.;https://leeveostockage.s3.eu-west-3.amazonaws.com/style/simple_polaroid.jpg;
montages-simples;Montages Simples & Épurés;Dispositions graphiques simples avec plusieurs images encadrées, chacune filtrée par une couleur dominante ou un style minimaliste.;Color Fade Panel;g;simple_gradient_sequence;Transition visuelle sur 4 images d’un filtre chaud vers un filtre froid;Display a sequence of four images from left to right. Each uses a progressive color filter: warm orange, pink, purple, then cool blue. Keep the same pose throughout for visual consistency.;https://leeveostockage.s3.eu-west-3.amazonaws.com/style/simple_fade.jpg;
montages-simples;Montages Simples & Épurés;Dispositions graphiques simples avec plusieurs images encadrées, chacune filtrée par une couleur dominante ou un style minimaliste.;Bandes Décalées;g;simple_shifted_panels;Trois encarts légèrement décalés, comme des diapositives en mouvement;Show three versions of the image, each shifted diagonally like sliding panels. Each panel uses a muted color overlay: beige, dusty rose, and soft grey. Add subtle shadows behind panels.;https://leeveostockage.s3.eu-west-3.amazonaws.com/style/simple_shifted.jpg;
montages-simples;Montages Simples & Épurés;Dispositions graphiques simples avec plusieurs images encadrées, chacune filtrée par une couleur dominante ou un style minimaliste.;Filtres Film Vintage;g;grid_vintage_filters;Grille avec filtres photo rétro : sépia, grain, délavé;Arrange four versions of the same image in a 2x2 grid. Each quadrant uses a different vintage film filter: faded sepia, dusty black & white, washed-out color, and grainy analog tone. Maintain a neutral frame and soft vignette.;https://leeveostockage.s3.eu-west-3.amazonaws.com/style/grid_vintage.jpg;
montages-simples;Montages Simples & Épurés;Dispositions graphiques simples avec plusieurs images encadrées, chacune filtrée par une couleur dominante ou un style minimaliste.;Teintes Sombres Équilibrées;g;grid_muted_tones;Teintes sourdes et désaturées avec ambiance élégante;Arrange four versions of the same image in a 2x2 grid. Use a muted color theme: dusty plum, forest green, navy blue, and taupe. Maintain clean white spacing, with soft shadows and a calm editorial tone.;https://leeveostockage.s3.eu-west-3.amazonaws.com/style/grid_muted.jpg;
montages-simples;Montages Simples & Épurés;Dispositions graphiques simples avec plusieurs images encadrées, chacune filtrée par une couleur dominante ou un style minimaliste.;Futurisme Digital;g;grid_glitch_cyber;Grille stylisée futuriste avec effets glitch et accents cybernétiques;Arrange four versions of the same image in a 2x2 grid. Each square features subtle digital glitch effects and cyberpunk tints: neon magenta, acid green, cyan glow, and holographic silver. Keep the layout clean with sharp separation between quadrants.;https://leeveostockage.s3.eu-west-3.amazonaws.com/style/grid_glitch.jpg;
montages-simples;Montages Simples & Épurés;Dispositions graphiques simples avec plusieurs images encadrées, chacune filtrée par une couleur dominante ou un style minimaliste.;Noir et Blanc Varié;g;grid_bw_styles;Variation de styles noir et blanc dans chaque encart;Arrange four versions of the same image in a 2x2 grid. All quadrants are black and white but use different treatments: high contrast, soft grainy, matte finish, and harsh film noir shadows. Keep spacing crisp and square.;https://leeveostockage.s3.eu-west-3.amazonaws.com/style/grid_bw.jpg;
montages-simples;Montages Simples & Épurés;Dispositions graphiques simples avec plusieurs images encadrées, chacune filtrée par une couleur dominante ou un style minimaliste.;Palette Chromatique Dégradée;g;grid_gradient_palette;Dégradé subtil à travers les 4 images dans des tons complémentaires;Arrange four versions of the same image in a 2x2 grid. Each quadrant shifts hue slightly to form a visual gradient: lavender to blue, blue to green, green to yellow, yellow to coral. Keep contrast low and borders soft white.;https://leeveostockage.s3.eu-west-3.amazonaws.com/style/grid_gradient.jpg;
montages-simples;Montages Simples & Épurés;Dispositions graphiques simples avec plusieurs images encadrées, chacune filtrée par une couleur dominante ou un style minimaliste.;Villes du Monde;g;grid_city_backdrops;Grille avec arrière-plans de grandes villes : Paris, Tokyo, New York, Rio;Arrange four versions of the same image in a 2x2 grid. Each version features a famous city in the background: Eiffel Tower in Paris, neon Tokyo street, New York skyline, and Rio's beach with Christ the Redeemer. Use soft lighting and thin white frames.;https://leeveostockage.s3.eu-west-3.amazonaws.com/style/grid_city_backdrops.jpg;
montages-simples;Montages Simples & Épurés;Dispositions graphiques simples avec plusieurs images encadrées, chacune filtrée par une couleur dominante ou un style minimaliste.;Saisons en Décor;g;grid_season_backdrops;Même sujet dans des décors saisonniers différents;Arrange four versions of the same portrait in a 2x2 grid. Each version has a seasonal background: snowy park for winter, blooming garden for spring, beach for summer, and falling leaves for autumn. Maintain consistent subject position.;https://leeveostockage.s3.eu-west-3.amazonaws.com/style/grid_season_backdrops.jpg;
montages-simples;Montages Simples & Épurés;Dispositions graphiques simples avec plusieurs images encadrées, chacune filtrée par une couleur dominante ou un style minimaliste.;Monuments Célèbres;g;grid_world_landmarks;Portrait devant quatre monuments iconiques;Arrange four versions of the same image in a 2x2 grid. Each has a different world monument as background: Pyramids of Giza, Colosseum in Rome, Taj Mahal, and Sydney Opera House. Align subject consistently, blend lighting naturally.;https://leeveostockage.s3.eu-west-3.amazonaws.com/style/grid_world_landmarks.jpg;
montages-simples;Montages Simples & Épurés;Dispositions graphiques simples avec plusieurs images encadrées, chacune filtrée par une couleur dominante ou un style minimaliste.;Ambiances Célestes;g;grid_sky_backdrops;Chaque fond représente un ciel différent : nuit étoilée, lever de soleil, ciel orageux, ciel rose;Arrange four versions of the same image in a 2x2 grid. Each has a unique sky backdrop: starry night, golden sunrise, dramatic storm clouds, and pink sunset. Maintain clean framing and balance subject lighting to match.;https://leeveostockage.s3.eu-west-3.amazonaws.com/style/grid_sky_backdrops.jpg;
montages-simples;Montages Simples & Épurés;Dispositions graphiques simples avec plusieurs images encadrées, chacune filtrée par une couleur dominante ou un style minimaliste.;Fonds Artistiques;g;grid_artistic_backgrounds;Chaque carré montre un fond graphique ou peint;Arrange four versions of the same image in a 2x2 grid. Each frame has a stylized artistic background: watercolor wash, graffiti wall, geometric abstract pattern, and oil paint texture. Keep the subject natural with light color correction.;https://leeveostockage.s3.eu-west-3.amazonaws.com/style/grid_artistic_backgrounds.jpg;
montages-simples;Montages Simples & Épurés;Dispositions graphiques simples avec plusieurs images encadrées, chacune filtrée par une couleur dominante ou un style minimaliste.;Univers de Contes;g;grid_fairytale_worlds;Quatre mondes de contes de fées différents : forêt magique, château, village médiéval, grotte enchantée;Arrange four versions of the same image in a 2x2 grid. Each quadrant places the subject in a fairytale world: enchanted forest, stone castle, medieval village, and glowing crystal cave. Lighting should match each scene’s mood.;https://leeveostockage.s3.eu-west-3.amazonaws.com/style/grid_fairytale.jpg;
montages-simples;Montages Simples & Épurés;Dispositions graphiques simples avec plusieurs images encadrées, chacune filtrée par une couleur dominante ou un style minimaliste.;Paysages de Science-Fiction;g;grid_fantasy_sci_fi;Fonds imaginaires futuristes : planète rouge, ville volante, base lunaire, jungle alien;Arrange four versions of the same image in a 2x2 grid. Each version is placed in a sci-fi environment: red planet, flying city, moon base, and alien jungle. Match subject lighting to ambient tones.;https://leeveostockage.s3.eu-west-3.amazonaws.com/style/grid_sci_fi_planets.jpg;
montages-simples;Montages Simples & Épurés;Dispositions graphiques simples avec plusieurs images encadrées, chacune filtrée par une couleur dominante ou un style minimaliste.;Textures Murales;g;grid_wall_textures;Chaque fond est une texture murale différente : béton, brique, graffiti, tôle rouillée;Arrange four versions of the same image in a 2x2 grid. Each quadrant has a different textured wall behind: cracked concrete, red brick, graffiti mural, and rusted metal. Keep subject centered and clean.;https://leeveostockage.s3.eu-west-3.amazonaws.com/style/grid_walls.jpg;
montages-simples;Montages Simples & Épurés;Dispositions graphiques simples avec plusieurs images encadrées, chacune filtrée par une couleur dominante ou un style minimaliste.;Fonds Monochromes Profonds;g;grid_deep_colors;Fonds unis mais très saturés : bordeaux, bleu nuit, vert émeraude, orange foncé;Arrange four versions of the same image in a 2x2 grid. Each background is a solid, deep saturated color: burgundy, navy blue, emerald green, and burnt orange. Subject remains neutral and centered, with crisp lighting.;https://leeveostockage.s3.eu-west-3.amazonaws.com/style/grid_deepcolors.jpg;
montages-simples;Montages Simples & Épurés;Dispositions graphiques simples avec plusieurs images encadrées, chacune filtrée par une couleur dominante ou un style minimaliste.;Bois & Matériaux Naturels;g;grid_wood_nature;Fonds en bois et matières naturelles;Arrange four versions of the same image in a 2x2 grid. Each quadrant has a different textured wall behind: polished wood, bark texture, woven straw, and stone bricks. Keep subject centered and clean.;https://leeveostockage.s3.eu-west-3.amazonaws.com/style/grid_wood_nature.jpg;
montages-simples;Montages Simples & Épurés;Dispositions graphiques simples avec plusieurs images encadrées, chacune filtrée par une couleur dominante ou un style minimaliste.;Textures Tissus;g;grid_fabric_backgrounds;Fonds doux inspirés de tissus textiles;Arrange four versions of the same image in a 2x2 grid. Each quadrant has a different textured wall behind: linen, velvet, corduroy, and silk drapery. Keep subject centered and clean.;https://leeveostockage.s3.eu-west-3.amazonaws.com/style/grid_fabric_backgrounds.jpg;
montages-simples;Montages Simples & Épurés;Dispositions graphiques simples avec plusieurs images encadrées, chacune filtrée par une couleur dominante ou un style minimaliste.;Ambiances Architecturales;g;grid_architecture_patterns;Fonds inspirés de structures architecturales;Arrange four versions of the same image in a 2x2 grid. Each quadrant has a different textured wall behind: glass facade, wooden slats, mosaic tile wall, and concrete arch. Keep subject centered and clean.;https://leeveostockage.s3.eu-west-3.amazonaws.com/style/grid_architecture_patterns.jpg;
montages-simples;Montages Simples & Épurés;Dispositions graphiques simples avec plusieurs images encadrées, chacune filtrée par une couleur dominante ou un style minimaliste.;Graphismes Modernes;g;grid_modern_graphics;Fonds géométriques et lignes modernes;Arrange four versions of the same image in a 2x2 grid. Each quadrant has a different textured wall behind: black-and-white chevron pattern, red diagonal stripes, grey geometric cubes, and soft color gradients. Keep subject centered and clean.;https://leeveostockage.s3.eu-west-3.amazonaws.com/style/grid_modern_graphics.jpg;
montages-simples;Montages Simples & Épurés;Dispositions graphiques simples avec plusieurs images encadrées, chacune filtrée par une couleur dominante ou un style minimaliste.;Ambiances Urbaines;g;grid_urban_walls;Fonds de ruelles ou de ville;Arrange four versions of the same image in a 2x2 grid. Each quadrant has a different textured wall behind: tiled metro wall, subway map poster, painted alley wall, and stained concrete. Keep subject centered and clean.;https://leeveostockage.s3.eu-west-3.amazonaws.com/style/grid_urban_walls.jpg;
montages-simples;Montages Simples & Épurés;Dispositions graphiques simples avec plusieurs images encadrées, chacune filtrée par une couleur dominante ou un style minimaliste.;Papier & Supports Créatifs;g;grid_paper_variants;Fonds en papier plié ou froissé;Arrange four versions of the same image in a 2x2 grid. Each quadrant has a different textured wall behind: wrinkled notebook paper, folded kraft, glossy magazine page, and torn newsprint. Keep subject centered and clean.;https://leeveostockage.s3.eu-west-3.amazonaws.com/style/grid_paper_variants.jpg;
montages-simples;Montages Simples & Épurés;Dispositions graphiques simples avec plusieurs images encadrées, chacune filtrée par une couleur dominante ou un style minimaliste.;Ambiances Typographiques;g;grid_typographic_surfaces;Fonds avec typographies et lettrages artistiques;Arrange four versions of the same image in a 2x2 grid. Each quadrant has a different textured wall behind: chalkboard writing, graffiti tags, vintage sign lettering, and handwritten quotes. Keep subject centered and clean.;https://leeveostockage.s3.eu-west-3.amazonaws.com/style/grid_typographic_surfaces.jpg;
grandpeintre;Collection Grands Peintres;Styles inspirés des plus grands maîtres de la peinture;Van Gogh;g;van_gogh;Style expressionniste avec coups de pinceau tourbillonnants;Make this into a painting in the style of Vincent van Gogh, with swirling brushstrokes, bold outlines, and emotional colors.;https://leeveostockage.s3.eu-west-3.amazonaws.com/style/van_gogh.jpg;1
grandpeintre;Collection Grands Peintres;Styles inspirés des plus grands maîtres de la peinture;Pablo Picasso;g;picasso;Interprétation cubiste avec fragmentation géométrique;Make this into a cubist interpretation inspired by Pablo Picasso, with geometric fragmentation and multiple perspectives.;https://leeveostockage.s3.eu-west-3.amazonaws.com/style/picasso.jpg;1
grandpeintre;Collection Grands Peintres;Styles inspirés des plus grands maîtres de la peinture;Salvador Dalí;g;dali;Scène surréaliste avec formes fondantes et logique onirique;Make this into a surreal scene in the style of Salvador Dalí, with melting forms, dream logic, and eerie shadows.;https://leeveostockage.s3.eu-west-3.amazonaws.com/style/dali.jpg;1
grandpeintre;Collection Grands Peintres;Styles inspirés des plus grands maîtres de la peinture;Claude Monet;g;monet;Style impressionniste avec touche légère et atmosphère naturelle;Make this into an impressionist canvas inspired by Claude Monet, with soft dabs of light, flowing color, and natural atmosphere.;https://leeveostockage.s3.eu-west-3.amazonaws.com/style/monet.jpg;1
grandpeintre;Collection Grands Peintres;Styles inspirés des plus grands maîtres de la peinture;Henri Matisse;g;matisse;Pièce fauviste vibrante avec couleurs non-naturalistes;Make this into a vibrant fauvist piece like Henri Matisse, using wild, non-naturalistic colors and expressive forms.;https://leeveostockage.s3.eu-west-3.amazonaws.com/style/matisse.jpg;
grandpeintre;Collection Grands Peintres;Styles inspirés des plus grands maîtres de la peinture;Johannes Vermeer;g;vermeer;Scène réaliste et poétique avec éclairage délicat;Make this into a realistic yet poetic scene in the style of Johannes Vermeer, with delicate lighting and intimate interiors.;https://leeveostockage.s3.eu-west-3.amazonaws.com/style/vermeer.jpg;1
grandpeintre;Collection Grands Peintres;Styles inspirés des plus grands maîtres de la peinture;Caravaggio;g;caravaggio;Composition sombre et dramatique avec clair-obscur intense;Make this into a dark and dramatic composition inspired by Caravaggio, with intense chiaroscuro and emotional realism.;https://leeveostockage.s3.eu-west-3.amazonaws.com/style/caravaggio.jpg;1
grandpeintre;Collection Grands Peintres;Styles inspirés des plus grands maîtres de la peinture;Leonardo da Vinci;g;davinci;Pièce Renaissance détaillée avec anatomie parfaite;Make this into a detailed Renaissance piece in the style of Leonardo da Vinci, with perfect anatomy and subtle sfumato.;https://leeveostockage.s3.eu-west-3.amazonaws.com/style/davinci.jpg;1
grandpeintre;Collection Grands Peintres;Styles inspirés des plus grands maîtres de la peinture;Gustav Klimt;g;klimt;Peinture symboliste avec textures dorées et motifs décoratifs;Make this into a symbolist painting like Gustav Klimt, with golden textures, decorative patterns, and mystical energy.;https://leeveostockage.s3.eu-west-3.amazonaws.com/style/klimt.jpg;1
grandpeintre;Collection Grands Peintres;Styles inspirés des plus grands maîtres de la peinture;Jacques-Louis David;g;david;Pièce dynamique avec héroïsme néoclassique;Make this into a dynamic action-filled piece like Jacques-Louis David, with neoclassical heroism and sharp realism.;https://leeveostockage.s3.eu-west-3.amazonaws.com/style/david.jpg;1
grandpeintre;Collection Grands Peintres;Styles inspirés des plus grands maîtres de la peinture;Jackson Pollock;g;pollock;Toile expressionniste abstraite avec éclaboussures énergiques;Make this into an abstract expressionist canvas in the style of Jackson Pollock, with energetic splatters and chaotic rhythm.;https://leeveostockage.s3.eu-west-3.amazonaws.com/style/pollock.jpg;1
grandpeintre;Collection Grands Peintres;Styles inspirés des plus grands maîtres de la peinture;Edvard Munch;g;munch;Scène existentielle avec formes distordues et couleurs angoissées;Make this into a moody, existential scene in the style of Edvard Munch, with distorted forms and anxious color palettes.;https://leeveostockage.s3.eu-west-3.amazonaws.com/style/munch.jpg;1
grandpeintre;Collection Grands Peintres;Styles inspirés des plus grands maîtres de la peinture;Henri Rousseau;g;rousseau;Composition audacieuse et simplifiée avec perspective naïve;Make this into a bold and simplified composition like Henri Rousseau, with naïve perspective and jungle fantasy.;https://leeveostockage.s3.eu-west-3.amazonaws.com/style/rousseau.jpg;1
grandpeintre;Collection Grands Peintres;Styles inspirés des plus grands maîtres de la peinture;Paul Gauguin;g;gauguin;Pièce post-impressionniste vive avec aplats de couleur;Make this into a vivid post-impressionist piece in the style of Paul Gauguin, with flat fields of color and exotic themes.;https://leeveostockage.s3.eu-west-3.amazonaws.com/style/gauguin.jpg;1
grandpeintre;Collection Grands Peintres;Styles inspirés des plus grands maîtres de la peinture;Giorgio de Chirico;g;dechirico;Rêve mécanique surréaliste avec ombres métaphysiques;Make this into a precise surreal mechanical dream like Giorgio de Chirico, with metaphysical shadows and timeless architecture.;https://leeveostockage.s3.eu-west-3.amazonaws.com/style/dechirico.jpg;1
grandpeintre;Collection Grands Peintres;Styles inspirés des plus grands maîtres de la peinture;Mark Rothko;g;rothko;Peinture minimaliste avec grands dégradés et tons émotionnels;Make this into a minimalist color field painting like Mark Rothko, with large gradients and deep emotional tones.;https://leeveostockage.s3.eu-west-3.amazonaws.com/style/rothko.jpg;1
grandpeintre;Collection Grands Peintres;Styles inspirés des plus grands maîtres de la peinture;Marc Chagall;g;chagall;Vision onirique colorée avec figures flottantes et symboles folkloriques;Make this into a dreamlike pastel-colored vision like Marc Chagall, with floating figures and folkloric symbols.;https://leeveostockage.s3.eu-west-3.amazonaws.com/style/chagall.jpg;1
grandpeintre;Collection Grands Peintres;Styles inspirés des plus grands maîtres de la peinture;Peter Paul Rubens;g;rubens;Composition baroque avec grand mouvement et formes musclées;Make this into a baroque composition in the style of Peter Paul Rubens, with grand movement, muscular forms, and ornate beauty.;https://leeveostockage.s3.eu-west-3.amazonaws.com/style/rubens.jpg;1
grandpeintre;Collection Grands Peintres;Styles inspirés des plus grands maîtres de la peinture;Roy Lichtenstein;g;lichtenstein;Composition pop art avec points de style bande dessinée;Make this into a bold pop art composition inspired by Roy Lichtenstein, with comic-style dots, bright colors, and graphic drama.;https://leeveostockage.s3.eu-west-3.amazonaws.com/style/lichtenstein.jpg;1
